Lake volume,Bass,Crappie,Bream,Catfish,Anything
0,0,0,0,0,
100000,0.005988024,0.033932136,0.0499002,0.003992016,0.05489022
200000,0.011952191,0.067729084,0.099601594,0.007968127,0.109561753
300000,0.017892644,0.10139165,0.149105368,0.011928429,0.164015905
400000,0.023809524,0.134920635,0.198412698,0.015873016,0.218253968
500000,0.02970297,0.168316832,0.247524752,0.01980198,0.272277228
600000,0.035573123,0.201581028,0.296442688,0.023715415,0.326086957
700000,0.041420118,0.234714004,0.345167653,0.027613412,0.379684418
800000,0.047244094,0.267716535,0.393700787,0.031496063,0.433070866
900000,0.053045187,0.300589391,0.442043222,0.035363458,0.486247544
1000000,0.058823529,0.333333333,0.490196078,0.039215686,0.539215686
1100000,0.064579256,0.365949119,0.53816047,0.043052838,0.591976517
1200000,0.0703125,0.3984375,0.5859375,0.046875,0.64453125
1300000,0.076023392,0.43079922,0.633528265,0.050682261,0.696881092
1400000,0.081712062,0.463035019,0.680933852,0.054474708,0.749027237
1500000,0.087378641,0.495145631,0.72815534,0.058252427,0.800970874
1600000,0.093023256,0.527131783,0.775193798,0.062015504,0.852713178
1700000,0.098646035,0.558994197,0.82205029,0.065764023,0.904255319
1800000,0.104247104,0.590733591,0.868725869,0.069498069,0.955598456
1900000,0.10982659,0.622350674,0.91522158,0.073217726,1.006743738
2000000,0.115384615,0.653846154,0.961538462,0.076923077,1.057692308
2100000,0.120921305,0.685220729,1.007677543,0.080614203,1.108445298
2200000,0.126436782,0.716475096,1.053639847,0.084291188,1.159003831
2300000,0.131931166,0.747609943,1.099426386,0.087954111,1.209369025
2400000,0.13740458,0.778625954,1.145038168,0.091603053,1.259541985
2500000,0.142857143,0.80952381,1.19047619,0.095238095,1.30952381
2600000,0.148288973,0.840304183,1.235741445,0.098859316,1.359315589
2700000,0.15370019,0.870967742,1.280834915,0.102466793,1.408918406
2800000,0.159090909,0.901515152,1.325757576,0.106060606,1.458333333
2900000,0.164461248,0.93194707,1.370510397,0.109640832,1.507561437
3000000,0.169811321,0.962264151,1.41509434,0.113207547,1.556603774
3100000,0.175141243,0.992467043,1.459510358,0.116760829,1.605461394
3200000,0.180451128,1.022556391,1.503759398,0.120300752,1.654135338
3300000,0.185741088,1.052532833,1.547842402,0.123827392,1.702626642
3400000,0.191011236,1.082397004,1.5917603,0.127340824,1.75093633
3500000,0.196261682,1.112149533,1.635514019,0.130841121,1.799065421
3600000,0.201492537,1.141791045,1.679104478,0.134328358,1.847014925
3700000,0.206703911,1.17132216,1.722532588,0.137802607,1.894785847
3800000,0.211895911,1.200743494,1.765799257,0.141263941,1.942379182
3900000,0.217068646,1.230055659,1.80890538,0.14471243,1.989795918
4000000,0.222222222,1.259259259,1.851851852,0.148148148,2.037037037
4100000,0.227356747,1.288354898,1.894639556,0.151571165,2.084103512
4200000,0.232472325,1.317343173,1.937269373,0.15498155,2.13099631
4300000,0.237569061,1.346224678,1.979742173,0.158379374,2.17771639
4400000,0.242647059,1.375,2.022058824,0.161764706,2.224264706
4500000,0.247706422,1.403669725,2.064220183,0.165137615,2.270642202
4600000,0.252747253,1.432234432,2.106227106,0.168498168,2.316849817
4700000,0.257769653,1.460694698,2.148080439,0.171846435,2.362888483
4800000,0.262773723,1.489051095,2.189781022,0.175182482,2.408759124
4900000,0.267759563,1.517304189,2.23132969,0.178506375,2.454462659
5000000,0.272727273,1.545454545,2.272727273,0.181818182,2.5
5100000,0.277676951,1.573502722,2.313974592,0.185117967,2.545372051
5200000,0.282608696,1.601449275,2.355072464,0.188405797,2.59057971
5300000,0.287522604,1.629294756,2.3960217,0.191681736,2.63562387
5400000,0.292418773,1.657039711,2.436823105,0.194945848,2.680505415
5500000,0.297297297,1.684684685,2.477477477,0.198198198,2.725225225
5600000,0.302158273,1.712230216,2.517985612,0.201438849,2.769784173
5700000,0.307001795,1.73967684,2.558348294,0.204667864,2.814183124
5800000,0.311827957,1.76702509,2.598566308,0.207885305,2.858422939
5900000,0.316636852,1.794275492,2.638640429,0.211091234,2.902504472
6000000,0.321428571,1.821428571,2.678571429,0.214285714,2.946428571
6100000,0.326203209,1.848484848,2.718360071,0.217468806,2.990196078
6200000,0.330960854,1.87544484,2.758007117,0.220640569,3.033807829
6300000,0.335701599,1.902309059,2.797513321,0.223801066,3.077264654
6400000,0.340425532,1.929078014,2.836879433,0.226950355,3.120567376
6500000,0.345132743,1.955752212,2.876106195,0.230088496,3.163716814
6600000,0.349823322,1.982332155,2.915194346,0.233215548,3.206713781
6700000,0.354497354,2.008818342,2.954144621,0.23633157,3.249559083
6800000,0.35915493,2.035211268,2.992957746,0.23943662,3.292253521
6900000,0.363796134,2.061511424,3.031634446,0.242530756,3.334797891
7000000,0.368421053,2.087719298,3.070175439,0.245614035,3.377192982
7100000,0.373029772,2.113835377,3.108581436,0.248686515,3.41943958
7200000,0.377622378,2.13986014,3.146853147,0.251748252,3.461538462
7300000,0.382198953,2.165794066,3.184991274,0.254799302,3.503490401
7400000,0.386759582,2.191637631,3.222996516,0.257839721,3.545296167
7500000,0.391304348,2.217391304,3.260869565,0.260869565,3.586956522
7600000,0.395833333,2.243055556,3.298611111,0.263888889,3.628472222
7700000,0.40034662,2.268630849,3.336221837,0.266897747,3.669844021
7800000,0.404844291,2.294117647,3.373702422,0.269896194,3.711072664
7900000,0.409326425,2.319516408,3.411053541,0.272884283,3.752158895
8000000,0.413793103,2.344827586,3.448275862,0.275862069,3.793103448
8100000,0.418244406,2.370051635,3.485370052,0.278829604,3.833907057
8200000,0.422680412,2.395189003,3.52233677,0.281786942,3.874570447
8300000,0.427101201,2.420240137,3.559176672,0.284734134,3.91509434
8400000,0.431506849,2.445205479,3.595890411,0.287671233,3.955479452
8500000,0.435897436,2.47008547,3.632478632,0.290598291,3.995726496
8600000,0.440273038,2.494880546,3.66894198,0.293515358,4.035836177
8700000,0.444633731,2.519591141,3.70528109,0.296422487,4.075809199
8800000,0.448979592,2.544217687,3.741496599,0.299319728,4.115646259
8900000,0.453310696,2.568760611,3.777589134,0.302207131,4.155348048
9000000,0.457627119,2.593220339,3.813559322,0.305084746,4.194915254
9100000,0.461928934,2.617597293,3.849407783,0.307952623,4.234348562
9200000,0.466216216,2.641891892,3.885135135,0.310810811,4.273648649
9300000,0.470489039,2.666104553,3.92074199,0.313659359,4.312816189
9400000,0.474747475,2.69023569,3.956228956,0.316498316,4.351851852
9500000,0.478991597,2.714285714,3.991596639,0.319327731,4.390756303
9600000,0.483221477,2.738255034,4.026845638,0.322147651,4.429530201
9700000,0.487437186,2.762144054,4.061976549,0.324958124,4.468174204
9800000,0.491638796,2.785953177,4.096989967,0.327759197,4.506688963
9900000,0.495826377,2.809682805,4.131886477,0.330550918,4.545075125
10000000,0.5,2.833333333,4.166666667,0.333333333,4.583333333
10100000,0.504159734,2.856905158,4.201331115,0.336106489,4.621464226
10200000,0.508305648,2.880398671,4.235880399,0.338870432,4.659468439
10300000,0.512437811,2.903814262,4.270315091,0.341625207,4.6973466
10400000,0.516556291,2.927152318,4.304635762,0.344370861,4.735099338
10500000,0.520661157,2.950413223,4.338842975,0.347107438,4.772727273
10600000,0.524752475,2.97359736,4.372937294,0.349834983,4.810231023
10700000,0.528830313,2.996705107,4.406919275,0.352553542,4.847611203
10800000,0.532894737,3.019736842,4.440789474,0.355263158,4.884868421
10900000,0.536945813,3.042692939,4.47454844,0.357963875,4.922003284
11000000,0.540983607,3.06557377,4.508196721,0.360655738,4.959016393
11100000,0.545008183,3.088379705,4.541734861,0.363338789,4.995908347
11200000,0.549019608,3.111111111,4.575163399,0.366013072,5.032679739
11300000,0.553017945,3.133768352,4.608482871,0.36867863,5.069331158
11400000,0.557003257,3.156351792,4.641693811,0.371335505,5.105863192
11500000,0.56097561,3.178861789,4.674796748,0.37398374,5.142276423
11600000,0.564935065,3.201298701,4.707792208,0.376623377,5.178571429
11700000,0.568881686,3.223662885,4.740680713,0.379254457,5.214748784
11800000,0.572815534,3.245954693,4.773462783,0.381877023,5.250809061
11900000,0.576736672,3.268174475,4.806138934,0.384491115,5.286752827
12000000,0.580645161,3.290322581,4.838709677,0.387096774,5.322580645
12100000,0.584541063,3.312399356,4.871175523,0.389694042,5.358293076
12200000,0.588424437,3.334405145,4.903536977,0.392282958,5.393890675
12300000,0.592295345,3.356340289,4.935794543,0.394863563,5.429373997
12400000,0.596153846,3.378205128,4.967948718,0.397435897,5.46474359
12500000,0.6,3.4,5,0.4,5.5
12600000,0.603833866,3.42172524,5.031948882,0.402555911,5.53514377
12700000,0.607655502,3.44338118,5.063795853,0.405103668,5.570175439
12800000,0.611464968,3.464968153,5.095541401,0.407643312,5.605095541
12900000,0.615262321,3.486486486,5.12718601,0.410174881,5.63990461
13000000,0.619047619,3.507936508,5.158730159,0.412698413,5.674603175
13100000,0.622820919,3.529318542,5.190174326,0.415213946,5.709191759
13200000,0.626582278,3.550632911,5.221518987,0.417721519,5.743670886
13300000,0.630331754,3.571879937,5.252764613,0.420221169,5.778041074
13400000,0.634069401,3.593059937,5.283911672,0.422712934,5.812302839
13500000,0.637795276,3.614173228,5.31496063,0.42519685,5.846456693
13600000,0.641509434,3.635220126,5.34591195,0.427672956,5.880503145
13700000,0.645211931,3.656200942,5.376766091,0.430141287,5.9144427
13800000,0.648902821,3.677115987,5.407523511,0.432601881,5.948275862
13900000,0.65258216,3.697965571,5.438184664,0.435054773,5.98200313
14000000,0.65625,3.71875,5.46875,0.4375,6.015625
14100000,0.659906396,3.739469579,5.499219969,0.439937598,6.049141966
14200000,0.663551402,3.760124611,5.529595016,0.442367601,6.082554517
14300000,0.66718507,3.780715397,5.559875583,0.444790047,6.115863142
14400000,0.670807453,3.801242236,5.590062112,0.447204969,6.149068323
14500000,0.674418605,3.821705426,5.620155039,0.449612403,6.182170543
14600000,0.678018576,3.842105263,5.650154799,0.452012384,6.215170279
14700000,0.681607419,3.86244204,5.680061824,0.454404946,6.248068006
14800000,0.685185185,3.882716049,5.709876543,0.456790123,6.280864198
14900000,0.688751926,3.902927581,5.739599384,0.459167951,6.313559322
15000000,0.692307692,3.923076923,5.769230769,0.461538462,6.346153846
15100000,0.695852535,3.943164363,5.798771121,0.46390169,6.378648233
15200000,0.699386503,3.963190184,5.828220859,0.466257669,6.411042945
15300000,0.702909648,3.983154671,5.857580398,0.468606432,6.443338438
15400000,0.706422018,4.003058104,5.886850153,0.470948012,6.475535168
15500000,0.709923664,4.022900763,5.916030534,0.473282443,6.507633588
15600000,0.713414634,4.042682927,5.945121951,0.475609756,6.539634146
15700000,0.716894977,4.062404871,5.97412481,0.477929985,6.571537291
15800000,0.720364742,4.082066869,6.003039514,0.480243161,6.603343465
15900000,0.723823976,4.101669196,6.031866464,0.482549317,6.635053111
16000000,0.727272727,4.121212121,6.060606061,0.484848485,6.666666667
16100000,0.730711044,4.140695915,6.089258699,0.487140696,6.698184569
16200000,0.734138973,4.160120846,6.117824773,0.489425982,6.729607251
16300000,0.737556561,4.179487179,6.146304676,0.491704374,6.760935143
16400000,0.740963855,4.198795181,6.174698795,0.493975904,6.792168675
16500000,0.744360902,4.218045113,6.203007519,0.496240602,6.823308271
16600000,0.747747748,4.237237237,6.231231231,0.498498498,6.854354354
16700000,0.751124438,4.256371814,6.259370315,0.500749625,6.885307346
16800000,0.754491018,4.275449102,6.28742515,0.502994012,6.916167665
16900000,0.757847534,4.294469357,6.315396114,0.505231689,6.946935725
17000000,0.76119403,4.313432836,6.343283582,0.507462687,6.97761194
17100000,0.764530551,4.332339791,6.371087928,0.509687034,7.008196721
17200000,0.767857143,4.351190476,6.398809524,0.511904762,7.038690476
17300000,0.771173848,4.369985141,6.426448737,0.514115899,7.069093611
17400000,0.774480712,4.388724036,6.454005935,0.516320475,7.099406528
17500000,0.777777778,4.407407407,6.481481481,0.518518519,7.12962963
17600000,0.781065089,4.426035503,6.50887574,0.520710059,7.159763314
17700000,0.784342688,4.444608567,6.536189069,0.522895126,7.189807976
17800000,0.787610619,4.463126844,6.563421829,0.525073746,7.219764012
17900000,0.790868925,4.481590574,6.590574374,0.52724595,7.249631811
18000000,0.794117647,4.5,6.617647059,0.529411765,7.279411765
18100000,0.797356828,4.51835536,6.644640235,0.531571219,7.309104258
18200000,0.80058651,4.536656891,6.671554252,0.53372434,7.338709677
18300000,0.803806735,4.554904832,6.698389458,0.535871157,7.368228404
18400000,0.807017544,4.573099415,6.725146199,0.538011696,7.397660819
18500000,0.810218978,4.591240876,6.751824818,0.540145985,7.427007299
18600000,0.813411079,4.609329446,6.778425656,0.542274052,7.456268222
18700000,0.816593886,4.627365357,6.804949054,0.544395924,7.485443959
18800000,0.819767442,4.645348837,6.831395349,0.546511628,7.514534884
18900000,0.822931785,4.663280116,6.857764877,0.54862119,7.543541364
19000000,0.826086957,4.68115942,6.884057971,0.550724638,7.572463768
19100000,0.829232996,4.698986975,6.910274964,0.552821997,7.60130246
19200000,0.832369942,4.716763006,6.936416185,0.554913295,7.630057803
19300000,0.835497835,4.734487734,6.962481962,0.556998557,7.658730159
19400000,0.838616715,4.752161383,6.988472622,0.55907781,7.687319885
19500000,0.841726619,4.769784173,7.014388489,0.561151079,7.715827338
19600000,0.844827586,4.787356322,7.040229885,0.563218391,7.744252874
19700000,0.847919656,4.804878049,7.065997131,0.56527977,7.772596844
19800000,0.851002865,4.82234957,7.091690544,0.567335244,7.800859599
19900000,0.854077253,4.839771102,7.117310443,0.569384835,7.829041488
20000000,0.857142857,4.857142857,7.142857143,0.571428571,7.857142857
20100000,0.860199715,4.87446505,7.168330956,0.573466476,7.885164051
20200000,0.863247863,4.891737892,7.193732194,0.575498575,7.913105413
20300000,0.86628734,4.908961593,7.219061166,0.577524893,7.940967283
20400000,0.869318182,4.926136364,7.244318182,0.579545455,7.96875
20500000,0.872340426,4.943262411,7.269503546,0.581560284,7.996453901
20600000,0.875354108,4.960339943,7.294617564,0.583569405,8.02407932
20700000,0.878359264,4.977369165,7.319660537,0.585572843,8.051626591
20800000,0.881355932,4.994350282,7.344632768,0.587570621,8.079096045
20900000,0.884344147,5.011283498,7.369534556,0.589562764,8.106488011
21000000,0.887323944,5.028169014,7.394366197,0.591549296,8.133802817
21100000,0.890295359,5.045007032,7.419127989,0.593530239,8.161040788
21200000,0.893258427,5.061797753,7.443820225,0.595505618,8.188202247
21300000,0.896213184,5.078541374,7.468443198,0.597475456,8.215287518
21400000,0.899159664,5.095238095,7.492997199,0.599439776,8.242296919
21500000,0.902097902,5.111888112,7.517482517,0.601398601,8.269230769
21600000,0.905027933,5.12849162,7.541899441,0.603351955,8.296089385
21700000,0.907949791,5.145048815,7.566248257,0.605299861,8.322873082
21800000,0.91086351,5.161559889,7.590529248,0.60724234,8.349582173
21900000,0.913769124,5.178025035,7.614742698,0.609179416,8.376216968
22000000,0.916666667,5.194444444,7.638888889,0.611111111,8.402777778
22100000,0.919556172,5.210818308,7.6629681,0.613037448,8.42926491
22200000,0.922437673,5.227146814,7.686980609,0.614958449,8.45567867
22300000,0.925311203,5.243430152,7.710926694,0.616874136,8.482019364
22400000,0.928176796,5.259668508,7.73480663,0.61878453,8.508287293
22500000,0.931034483,5.275862069,7.75862069,0.620689655,8.534482759
22600000,0.933884298,5.292011019,7.782369146,0.622589532,8.560606061
22700000,0.936726272,5.308115543,7.80605227,0.624484182,8.586657497
22800000,0.93956044,5.324175824,7.82967033,0.626373626,8.612637363
22900000,0.942386831,5.340192044,7.853223594,0.628257888,8.638545953
23000000,0.945205479,5.356164384,7.876712329,0.630136986,8.664383562
23100000,0.948016416,5.372093023,7.900136799,0.632010944,8.690150479
23200000,0.950819672,5.387978142,7.923497268,0.633879781,8.715846995
23300000,0.95361528,5.403819918,7.946793997,0.63574352,8.741473397
23400000,0.95640327,5.419618529,7.970027248,0.63760218,8.767029973
23500000,0.959183673,5.43537415,7.993197279,0.639455782,8.792517007
23600000,0.961956522,5.451086957,8.016304348,0.641304348,8.817934783
23700000,0.964721845,5.466757123,8.039348711,0.643147897,8.843283582
23800000,0.967479675,5.482384824,8.062330623,0.64498645,8.868563686
23900000,0.970230041,5.49797023,8.085250338,0.646820027,8.893775372
24000000,0.972972973,5.513513514,8.108108108,0.648648649,8.918918919
24100000,0.975708502,5.529014845,8.130904184,0.650472335,8.943994602
24200000,0.978436658,5.544474394,8.153638814,0.652291105,8.969002695
24300000,0.98115747,5.559892328,8.176312248,0.65410498,8.993943472
24400000,0.983870968,5.575268817,8.198924731,0.655913978,9.018817204
24500000,0.986577181,5.590604027,8.22147651,0.657718121,9.043624161
24600000,0.989276139,5.605898123,8.243967828,0.659517426,9.068364611
24700000,0.991967871,5.621151272,8.266398929,0.661311914,9.093038822
24800000,0.994652406,5.636363636,8.288770053,0.663101604,9.117647059
24900000,0.997329773,5.651535381,8.311081442,0.664886515,9.142189586
25000000,1,5.666666667,8.333333333,0.666666667,9.166666667
25100000,1.002663116,5.681757656,8.355525965,0.668442077,9.191078562
25200000,1.005319149,5.696808511,8.377659574,0.670212766,9.215425532
25300000,1.007968127,5.711819389,8.399734396,0.671978752,9.239707835
25400000,1.01061008,5.726790451,8.421750663,0.673740053,9.263925729
25500000,1.013245033,5.741721854,8.443708609,0.675496689,9.28807947
25600000,1.015873016,5.756613757,8.465608466,0.677248677,9.312169312
25700000,1.018494055,5.771466314,8.487450462,0.678996037,9.336195509
25800000,1.021108179,5.786279683,8.509234828,0.680738786,9.360158311
25900000,1.023715415,5.801054018,8.530961792,0.682476943,9.384057971
26000000,1.026315789,5.815789474,8.552631579,0.684210526,9.407894737
26100000,1.02890933,5.830486202,8.574244415,0.685939553,9.431668857
26200000,1.031496063,5.845144357,8.595800525,0.687664042,9.455380577
26300000,1.034076016,5.859764089,8.617300131,0.68938401,9.479030144
26400000,1.036649215,5.87434555,8.638743455,0.691099476,9.502617801
26500000,1.039215686,5.888888889,8.660130719,0.692810458,9.526143791
26600000,1.041775457,5.903394256,8.681462141,0.694516971,9.549608355
26700000,1.044328553,5.917861799,8.70273794,0.696219035,9.573011734
26800000,1.046875,5.932291667,8.723958333,0.697916667,9.596354167
26900000,1.049414824,5.946684005,8.745123537,0.699609883,9.619635891
27000000,1.051948052,5.961038961,8.766233766,0.701298701,9.642857143
27100000,1.054474708,5.97535668,8.787289235,0.702983139,9.666018158
27200000,1.056994819,5.989637306,8.808290155,0.704663212,9.689119171
27300000,1.059508409,6.003880983,8.82923674,0.706338939,9.712160414
27400000,1.062015504,6.018087855,8.850129199,0.708010336,9.735142119
27500000,1.064516129,6.032258065,8.870967742,0.709677419,9.758064516
27600000,1.067010309,6.046391753,8.891752577,0.711340206,9.780927835
27700000,1.069498069,6.06048906,8.912483912,0.712998713,9.803732304
27800000,1.071979434,6.074550129,8.933161954,0.714652956,9.826478149
27900000,1.074454429,6.088575096,8.953786906,0.716302953,9.849165597
28000000,1.076923077,6.102564103,8.974358974,0.717948718,9.871794872
28100000,1.079385403,6.116517286,8.994878361,0.719590269,9.894366197
28200000,1.081841432,6.130434783,9.015345269,0.721227621,9.916879795
28300000,1.084291188,6.144316731,9.035759898,0.722860792,9.939335888
28400000,1.086734694,6.158163265,9.056122449,0.724489796,9.961734694
28500000,1.089171975,6.171974522,9.076433121,0.72611465,9.984076433
28600000,1.091603053,6.185750636,9.096692112,0.727735369,10.00636132
28700000,1.094027954,6.199491741,9.116899619,0.72935197,10.02858958
28800000,1.096446701,6.21319797,9.137055838,0.730964467,10.05076142
28900000,1.098859316,6.226869455,9.157160963,0.732572877,10.07287706
29000000,1.101265823,6.240506329,9.17721519,0.734177215,10.09493671
29100000,1.103666245,6.254108723,9.19721871,0.735777497,10.11694058
29200000,1.106060606,6.267676768,9.217171717,0.737373737,10.13888889
29300000,1.108448928,6.281210593,9.237074401,0.738965952,10.16078184
29400000,1.110831234,6.294710327,9.256926952,0.740554156,10.18261965
29500000,1.113207547,6.308176101,9.27672956,0.742138365,10.20440252
29600000,1.115577889,6.32160804,9.296482412,0.743718593,10.22613065
29700000,1.117942284,6.335006274,9.316185696,0.745294856,10.24780427
29800000,1.120300752,6.348370927,9.335839599,0.746867168,10.26942356
29900000,1.122653317,6.361702128,9.355444305,0.748435544,10.29098874
30000000,1.125,6.375,9.375,0.75,10.3125
30100000,1.127340824,6.388264669,9.394506866,0.751560549,10.33395755
30200000,1.12967581,6.401496259,9.413965087,0.753117207,10.3553616
30300000,1.132004981,6.414694894,9.433374844,0.754669988,10.37671233
30400000,1.134328358,6.427860697,9.452736318,0.756218905,10.39800995
30500000,1.136645963,6.440993789,9.472049689,0.757763975,10.41925466
30600000,1.138957816,6.454094293,9.491315136,0.759305211,10.44044665
30700000,1.141263941,6.46716233,9.510532838,0.760842627,10.46158612
30800000,1.143564356,6.48019802,9.52970297,0.762376238,10.48267327
30900000,1.145859085,6.493201483,9.548825711,0.763906057,10.50370828
31000000,1.148148148,6.50617284,9.567901235,0.765432099,10.52469136
31100000,1.150431566,6.519112207,9.586929716,0.766954377,10.54562269
31200000,1.15270936,6.532019704,9.60591133,0.768472906,10.56650246
31300000,1.15498155,6.544895449,9.624846248,0.7699877,10.58733087
31400000,1.157248157,6.557739558,9.643734644,0.771498771,10.60810811
31500000,1.159509202,6.570552147,9.662576687,0.773006135,10.62883436
31600000,1.161764706,6.583333333,9.681372549,0.774509804,10.6495098
31700000,1.164014688,6.596083231,9.700122399,0.776009792,10.67013464
31800000,1.166259169,6.608801956,9.718826406,0.777506112,10.69070905
31900000,1.168498168,6.621489621,9.737484737,0.778998779,10.71123321
32000000,1.170731707,6.634146341,9.756097561,0.780487805,10.73170732
32100000,1.172959805,6.646772229,9.774665043,0.781973203,10.75213155
32200000,1.175182482,6.659367397,9.793187348,0.783454988,10.77250608
32300000,1.177399757,6.671931956,9.811664642,0.784933171,10.79283111
32400000,1.17961165,6.684466019,9.830097087,0.786407767,10.8131068
32500000,1.181818182,6.696969697,9.848484848,0.787878788,10.83333333
32600000,1.18401937,6.709443099,9.866828087,0.789346247,10.8535109
32700000,1.186215236,6.721886336,9.885126965,0.790810157,10.87363966
32800000,1.188405797,6.734299517,9.903381643,0.792270531,10.89371981
32900000,1.190591074,6.74668275,9.92159228,0.793727382,10.91375151
33000000,1.192771084,6.759036145,9.939759036,0.795180723,10.93373494
33100000,1.194945848,6.771359807,9.95788207,0.796630566,10.95367028
33200000,1.197115385,6.783653846,9.975961538,0.798076923,10.97355769
33300000,1.199279712,6.795918367,9.993997599,0.799519808,10.99339736
33400000,1.201438849,6.808153477,10.01199041,0.800959233,11.01318945
33500000,1.203592814,6.820359281,10.02994012,0.80239521,11.03293413
33600000,1.205741627,6.832535885,10.04784689,0.803827751,11.05263158
33700000,1.207885305,6.844683393,10.06571087,0.80525687,11.07228196
33800000,1.210023866,6.856801909,10.08353222,0.806682578,11.09188544
33900000,1.21215733,6.868891538,10.10131108,0.808104887,11.11144219
34000000,1.214285714,6.880952381,10.11904762,0.80952381,11.13095238
34100000,1.216409037,6.892984542,10.13674197,0.810939358,11.15041617
34200000,1.218527316,6.904988124,10.1543943,0.812351544,11.16983373
34300000,1.220640569,6.916963227,10.17200474,0.81376038,11.18920522
34400000,1.222748815,6.928909953,10.18957346,0.815165877,11.20853081
34500000,1.224852071,6.940828402,10.20710059,0.816568047,11.22781065
34600000,1.226950355,6.952718676,10.22458629,0.817966903,11.24704492
34700000,1.229043684,6.964580874,10.2420307,0.819362456,11.26623377
34800000,1.231132075,6.976415094,10.25943396,0.820754717,11.28537736
34900000,1.233215548,6.988221437,10.27679623,0.822143698,11.30447585
35000000,1.235294118,7,10.29411765,0.823529412,11.32352941
35100000,1.237367803,7.011750881,10.31139835,0.824911868,11.34253819
35200000,1.23943662,7.023474178,10.3286385,0.82629108,11.36150235
35300000,1.241500586,7.035169988,10.34583822,0.827667057,11.38042204
35400000,1.243559719,7.046838407,10.36299766,0.829039813,11.39929742
35500000,1.245614035,7.058479532,10.38011696,0.830409357,11.41812865
35600000,1.247663551,7.070093458,10.39719626,0.831775701,11.43691589
35700000,1.249708285,7.08168028,10.41423571,0.833138856,11.45565928
35800000,1.251748252,7.093240093,10.43123543,0.834498834,11.47435897
35900000,1.253783469,7.104772992,10.44819558,0.835855646,11.49301513
36000000,1.255813953,7.11627907,10.46511628,0.837209302,11.51162791
36100000,1.257839721,7.12775842,10.48199768,0.838559814,11.53019744
36200000,1.259860789,7.139211137,10.49883991,0.839907193,11.5487239
36300000,1.261877173,7.150637312,10.51564311,0.841251448,11.56720742
36400000,1.263888889,7.162037037,10.53240741,0.842592593,11.58564815
36500000,1.265895954,7.173410405,10.54913295,0.843930636,11.60404624
36600000,1.267898383,7.184757506,10.56581986,0.845265589,11.62240185
36700000,1.269896194,7.196078431,10.58246828,0.846597463,11.64071511
36800000,1.271889401,7.207373272,10.59907834,0.847926267,11.65898618
36900000,1.273878021,7.218642117,10.61565017,0.849252014,11.67721519
37000000,1.275862069,7.229885057,10.63218391,0.850574713,11.6954023
37100000,1.277841561,7.241102181,10.64867968,0.851894374,11.71354765
37200000,1.279816514,7.252293578,10.66513761,0.853211009,11.73165138
37300000,1.281786942,7.263459336,10.68155785,0.854524628,11.74971363
37400000,1.28375286,7.274599542,10.6979405,0.85583524,11.76773455
37500000,1.285714286,7.285714286,10.71428571,0.857142857,11.78571429
37600000,1.287671233,7.296803653,10.73059361,0.858447489,11.80365297
37700000,1.289623717,7.307867731,10.74686431,0.859749145,11.82155074
37800000,1.291571754,7.318906606,10.76309795,0.861047836,11.83940774
37900000,1.293515358,7.329920364,10.77929465,0.862343572,11.85722412
38000000,1.295454545,7.340909091,10.79545455,0.863636364,11.875
38100000,1.29738933,7.351872872,10.81157775,0.86492622,11.89273553
38200000,1.299319728,7.362811791,10.8276644,0.866213152,11.91043084
38300000,1.301245753,7.373725934,10.84371461,0.867497169,11.92808607
38400000,1.303167421,7.384615385,10.85972851,0.868778281,11.94570136
38500000,1.305084746,7.395480226,10.87570621,0.870056497,11.96327684
38600000,1.306997743,7.406320542,10.89164786,0.871331828,11.98081264
38700000,1.308906426,7.417136415,10.90755355,0.872604284,11.99830891
38800000,1.310810811,7.427927928,10.92342342,0.873873874,12.01576577
38900000,1.312710911,7.438695163,10.93925759,0.875140607,12.03318335
39000000,1.314606742,7.449438202,10.95505618,0.876404494,12.0505618
39100000,1.316498316,7.460157127,10.9708193,0.877665544,12.06790123
39200000,1.31838565,7.470852018,10.98654709,0.878923767,12.08520179
39300000,1.320268757,7.481522956,11.00223964,0.880179171,12.10246361
39400000,1.322147651,7.492170022,11.01789709,0.881431767,12.1196868
39500000,1.324022346,7.502793296,11.03351955,0.882681564,12.13687151
39600000,1.325892857,7.513392857,11.04910714,0.883928571,12.15401786
39700000,1.327759197,7.523968785,11.06465998,0.885172798,12.17112598
39800000,1.329621381,7.534521158,11.08017817,0.886414254,12.18819599
39900000,1.331479422,7.545050056,11.09566185,0.887652948,12.20522803
40000000,1.333333333,7.555555556,11.11111111,0.888888889,12.22222222
40100000,1.33518313,7.566037736,11.12652608,0.890122087,12.23917869
40200000,1.337028825,7.576496674,11.14190687,0.89135255,12.25609756
40300000,1.338870432,7.586932447,11.1572536,0.892580288,12.27297896
40400000,1.340707965,7.597345133,11.17256637,0.89380531,12.28982301
40500000,1.342541436,7.607734807,11.1878453,0.895027624,12.30662983
40600000,1.344370861,7.618101545,11.20309051,0.896247241,12.32339956
40700000,1.346196251,7.628445424,11.21830209,0.897464168,12.3401323
40800000,1.348017621,7.63876652,11.23348018,0.898678414,12.35682819
40900000,1.349834983,7.649064906,11.24862486,0.899889989,12.37348735
41000000,1.351648352,7.659340659,11.26373626,0.901098901,12.39010989
41100000,1.353457739,7.669593853,11.27881449,0.902305159,12.40669594
41200000,1.355263158,7.679824561,11.29385965,0.903508772,12.42324561
41300000,1.357064622,7.690032859,11.30887185,0.904709748,12.43975904
41400000,1.358862144,7.700218818,11.3238512,0.905908096,12.45623632
41500000,1.360655738,7.710382514,11.33879781,0.907103825,12.4726776
41600000,1.362445415,7.720524017,11.35371179,0.908296943,12.48908297
41700000,1.364231189,7.730643402,11.36859324,0.909487459,12.50545256
41800000,1.366013072,7.740740741,11.38344227,0.910675381,12.52178649
41900000,1.367791077,7.750816104,11.39825898,0.911860718,12.53808487
42000000,1.369565217,7.760869565,11.41304348,0.913043478,12.55434783
42100000,1.371335505,7.770901194,11.42779587,0.91422367,12.57057546
42200000,1.373101952,7.780911063,11.44251627,0.915401302,12.5867679
42300000,1.374864572,7.790899242,11.45720477,0.916576381,12.60292524
42400000,1.376623377,7.800865801,11.47186147,0.917748918,12.61904762
42500000,1.378378378,7.810810811,11.48648649,0.918918919,12.63513514
42600000,1.38012959,7.820734341,11.50107991,0.920086393,12.6511879
42700000,1.381877023,7.830636462,11.51564186,0.921251348,12.66720604
42800000,1.38362069,7.840517241,11.53017241,0.922413793,12.68318966
42900000,1.385360603,7.850376749,11.54467169,0.923573735,12.69913886
43000000,1.387096774,7.860215054,11.55913978,0.924731183,12.71505376
43100000,1.388829216,7.870032223,11.5735768,0.925886144,12.73093448
43200000,1.39055794,7.879828326,11.58798283,0.927038627,12.74678112
43300000,1.392282958,7.88960343,11.60235798,0.928188639,12.76259378
43400000,1.394004283,7.899357602,11.61670236,0.929336188,12.77837259
43500000,1.395721925,7.909090909,11.63101604,0.930481283,12.79411765
43600000,1.397435897,7.918803419,11.64529915,0.931623932,12.80982906
43700000,1.399146211,7.928495197,11.65955176,0.932764141,12.82550694
43800000,1.400852878,7.938166311,11.67377399,0.933901919,12.84115139
43900000,1.402555911,7.947816826,11.68796592,0.935037274,12.85676251
44000000,1.404255319,7.957446809,11.70212766,0.936170213,12.87234043
44100000,1.405951116,7.967056323,11.7162593,0.937300744,12.88788523
44200000,1.407643312,7.976645435,11.73036093,0.938428875,12.90339703
44300000,1.409331919,7.98621421,11.74443266,0.939554613,12.91887593
44400000,1.411016949,7.995762712,11.75847458,0.940677966,12.93432203
44500000,1.412698413,8.005291005,11.77248677,0.941798942,12.94973545
44600000,1.414376321,8.014799154,11.78646934,0.942917548,12.96511628
44700000,1.416050686,8.024287223,11.80042239,0.944033791,12.98046463
44800000,1.417721519,8.033755274,11.81434599,0.945147679,12.99578059
44900000,1.41938883,8.043203372,11.82824025,0.94625922,13.01106428
45000000,1.421052632,8.052631579,11.84210526,0.947368421,13.02631579
45100000,1.422712934,8.062039958,11.85594111,0.948475289,13.04153523
45200000,1.424369748,8.071428571,11.8697479,0.949579832,13.05672269
45300000,1.426023085,8.080797482,11.88352571,0.950682057,13.07187828
45400000,1.427672956,8.090146751,11.89727463,0.951781971,13.0870021
45500000,1.429319372,8.09947644,11.91099476,0.952879581,13.10209424
45600000,1.430962343,8.108786611,11.92468619,0.953974895,13.11715481
45700000,1.432601881,8.118077325,11.93834901,0.955067921,13.13218391
45800000,1.434237996,8.127348643,11.9519833,0.956158664,13.14718163
45900000,1.435870699,8.136600626,11.96558916,0.957247132,13.16214807
46000000,1.4375,8.145833333,11.97916667,0.958333333,13.17708333
46100000,1.439125911,8.155046826,11.99271592,0.959417274,13.19198751
46200000,1.440748441,8.164241164,12.00623701,0.96049896,13.20686071
46300000,1.442367601,8.173416407,12.01973001,0.961578401,13.22170301
46400000,1.443983402,8.182572614,12.03319502,0.962655602,13.23651452
46500000,1.445595855,8.191709845,12.04663212,0.96373057,13.25129534
46600000,1.447204969,8.200828157,12.06004141,0.964803313,13.26604555
46700000,1.448810755,8.209927611,12.07342296,0.965873837,13.28076525
46800000,1.450413223,8.219008264,12.08677686,0.966942149,13.29545455
46900000,1.452012384,8.228070175,12.1001032,0.968008256,13.31011352
47000000,1.453608247,8.237113402,12.11340206,0.969072165,13.32474227
47100000,1.455200824,8.246138002,12.12667353,0.970133883,13.33934089
47200000,1.456790123,8.255144033,12.1399177,0.971193416,13.35390947
47300000,1.458376156,8.264131552,12.15313464,0.972250771,13.3684481
47400000,1.459958932,8.273100616,12.16632444,0.973305955,13.38295688
47500000,1.461538462,8.282051282,12.17948718,0.974358974,13.3974359
47600000,1.463114754,8.290983607,12.19262295,0.975409836,13.41188525
47700000,1.46468782,8.299897646,12.20573183,0.976458547,13.42630502
47800000,1.466257669,8.308793456,12.21881391,0.977505112,13.4406953
47900000,1.467824311,8.317671093,12.23186925,0.97854954,13.45505618
48000000,1.469387755,8.326530612,12.24489796,0.979591837,13.46938776
48100000,1.470948012,8.335372069,12.2579001,0.980632008,13.48369011
48200000,1.472505092,8.344195519,12.27087576,0.981670061,13.49796334
48300000,1.474059003,8.353001017,12.28382503,0.982706002,13.51220753
48400000,1.475609756,8.361788618,12.29674797,0.983739837,13.52642276
48500000,1.47715736,8.370558376,12.30964467,0.984771574,13.54060914
48600000,1.478701826,8.379310345,12.32251521,0.985801217,13.55476673
48700000,1.480243161,8.38804458,12.33535968,0.986828774,13.56889564
48800000,1.481781377,8.396761134,12.34817814,0.987854251,13.58299595
48900000,1.483316481,8.405460061,12.36097068,0.988877654,13.59706775
49000000,1.484848485,8.414141414,12.37373737,0.98989899,13.61111111
49100000,1.486377397,8.422805247,12.3864783,0.990918264,13.62512614
49200000,1.487903226,8.431451613,12.39919355,0.991935484,13.6391129
49300000,1.489425982,8.440080564,12.41188318,0.992950655,13.6530715
49400000,1.490945674,8.448692153,12.42454728,0.993963783,13.66700201
49500000,1.492462312,8.457286432,12.43718593,0.994974874,13.68090452
49600000,1.493975904,8.465863454,12.4497992,0.995983936,13.69477912
49700000,1.495486459,8.47442327,12.46238716,0.996990973,13.70862588
49800000,1.496993988,8.482965932,12.4749499,0.997995992,13.72244489
49900000,1.498498498,8.491491491,12.48748749,0.998998999,13.73623624
50000000,1.5,8.5,12.5,1,13.75
50100000,1.501498501,8.508491508,12.51248751,1.000999001,13.76373626
50200000,1.502994012,8.516966068,12.5249501,1.001996008,13.77744511
50300000,1.50448654,8.525423729,12.53738784,1.002991027,13.79112662
50400000,1.505976096,8.533864542,12.5498008,1.003984064,13.80478088
50500000,1.507462687,8.542288557,12.56218905,1.004975124,13.81840796
50600000,1.508946322,8.550695825,12.57455268,1.005964215,13.83200795
50700000,1.510427011,8.559086395,12.58689176,1.006951341,13.84558093
50800000,1.511904762,8.567460317,12.59920635,1.007936508,13.85912698
50900000,1.513379584,8.575817641,12.61149653,1.008919722,13.87264618
51000000,1.514851485,8.584158416,12.62376238,1.00990099,13.88613861
51100000,1.516320475,8.59248269,12.63600396,1.010880317,13.89960435
51200000,1.517786561,8.600790514,12.64822134,1.011857708,13.91304348
51300000,1.519249753,8.609081935,12.66041461,1.012833169,13.92645607
51400000,1.520710059,8.617357002,12.67258383,1.013806706,13.93984221
51500000,1.522167488,8.625615764,12.68472906,1.014778325,13.95320197
51600000,1.523622047,8.633858268,12.69685039,1.015748031,13.96653543
51700000,1.525073746,8.642084562,12.70894789,1.016715831,13.97984267
51800000,1.526522593,8.650294695,12.72102161,1.017681729,13.99312377
51900000,1.527968597,8.658488714,12.73307164,1.018645731,14.0063788
52000000,1.529411765,8.666666667,12.74509804,1.019607843,14.01960784
52100000,1.530852106,8.674828599,12.75710088,1.020568071,14.03281097
52200000,1.532289628,8.68297456,12.76908023,1.021526419,14.04598826
52300000,1.53372434,8.691104594,12.78103617,1.022482893,14.05913978
52400000,1.53515625,8.69921875,12.79296875,1.0234375,14.07226563
52500000,1.536585366,8.707317073,12.80487805,1.024390244,14.08536585
52600000,1.538011696,8.71539961,12.81676413,1.025341131,14.09844055
52700000,1.539435248,8.723466407,12.82862707,1.026290166,14.11148978
52800000,1.540856031,8.73151751,12.84046693,1.027237354,14.12451362
52900000,1.542274052,8.739552964,12.85228377,1.028182702,14.13751215
53000000,1.54368932,8.747572816,12.86407767,1.029126214,14.15048544
53100000,1.545101843,8.75557711,12.87584869,1.030067895,14.16343356
53200000,1.546511628,8.763565891,12.8875969,1.031007752,14.17635659
53300000,1.547918683,8.771539206,12.89932236,1.031945789,14.1892546
53400000,1.549323017,8.779497099,12.91102515,1.032882012,14.20212766
53500000,1.550724638,8.787439614,12.92270531,1.033816425,14.21497585
53600000,1.552123552,8.795366795,12.93436293,1.034749035,14.22779923
53700000,1.553519769,8.803278689,12.94599807,1.035679846,14.24059788
53800000,1.554913295,8.811175337,12.95761079,1.036608863,14.25337187
53900000,1.556304139,8.819056785,12.96920115,1.037536092,14.26612127
54000000,1.557692308,8.826923077,12.98076923,1.038461538,14.27884615
54100000,1.55907781,8.834774256,12.99231508,1.039385207,14.29154659
54200000,1.560460653,8.842610365,13.00383877,1.040307102,14.30422265
54300000,1.561840844,8.850431448,13.01534036,1.041227229,14.3168744
54400000,1.563218391,8.858237548,13.02681992,1.042145594,14.32950192
54500000,1.564593301,8.866028708,13.03827751,1.043062201,14.34210526
54600000,1.565965583,8.873804971,13.04971319,1.043977055,14.35468451
54700000,1.567335244,8.88156638,13.06112703,1.044890162,14.36723973
54800000,1.56870229,8.889312977,13.07251908,1.045801527,14.37977099
54900000,1.57006673,8.897044805,13.08388942,1.046711153,14.39227836
55000000,1.571428571,8.904761905,13.0952381,1.047619048,14.4047619
55100000,1.572787821,8.91246432,13.10656518,1.048525214,14.41722169
55200000,1.574144487,8.920152091,13.11787072,1.049429658,14.42965779
55300000,1.575498575,8.927825261,13.1291548,1.050332384,14.44207028
55400000,1.576850095,8.935483871,13.14041746,1.051233397,14.4544592
55500000,1.578199052,8.943127962,13.15165877,1.052132701,14.46682464
55600000,1.579545455,8.950757576,13.16287879,1.053030303,14.47916667
55700000,1.580889309,8.958372753,13.17407758,1.053926206,14.49148534
55800000,1.582230624,8.965973535,13.1852552,1.054820416,14.50378072
55900000,1.583569405,8.973559962,13.19641171,1.055712937,14.51605288
56000000,1.58490566,8.981132075,13.20754717,1.056603774,14.52830189
56100000,1.586239397,8.988689915,13.21866164,1.057492931,14.5405278
56200000,1.587570621,8.996233522,13.22975518,1.058380414,14.5527307
56300000,1.588899341,9.003762935,13.24082785,1.059266228,14.56491063
56400000,1.590225564,9.011278195,13.2518797,1.060150376,14.57706767
56500000,1.591549296,9.018779343,13.2629108,1.061032864,14.58920188
56600000,1.592870544,9.026266417,13.2739212,1.061913696,14.60131332
56700000,1.594189316,9.033739456,13.28491097,1.062792877,14.61340206
56800000,1.595505618,9.041198502,13.29588015,1.063670412,14.62546816
56900000,1.596819457,9.048643592,13.30682881,1.064546305,14.63751169
57000000,1.598130841,9.056074766,13.31775701,1.065420561,14.64953271
57100000,1.599439776,9.063492063,13.3286648,1.066293184,14.66153128
57200000,1.600746269,9.070895522,13.33955224,1.067164179,14.67350746
57300000,1.602050326,9.078285182,13.35041938,1.068033551,14.68546132
57400000,1.603351955,9.08566108,13.36126629,1.068901304,14.69739292
57500000,1.604651163,9.093023256,13.37209302,1.069767442,14.70930233
57600000,1.605947955,9.100371747,13.38289963,1.07063197,14.72118959
57700000,1.60724234,9.107706592,13.39368617,1.071494893,14.73305478
57800000,1.608534323,9.115027829,13.40445269,1.072356215,14.74489796
57900000,1.609823911,9.122335496,13.41519926,1.073215941,14.75671918
58000000,1.611111111,9.12962963,13.42592593,1.074074074,14.76851852
58100000,1.61239593,9.136910268,13.43663275,1.07493062,14.78029602
58200000,1.613678373,9.144177449,13.44731978,1.075785582,14.79205176
58300000,1.614958449,9.15143121,13.45798707,1.076638966,14.80378578
58400000,1.616236162,9.158671587,13.46863469,1.077490775,14.81549815
58500000,1.617511521,9.165898618,13.47926267,1.078341014,14.82718894
58600000,1.61878453,9.173112339,13.48987109,1.079189687,14.8388582
58700000,1.620055198,9.180312787,13.50045998,1.080036799,14.85050598
58800000,1.621323529,9.1875,13.51102941,1.080882353,14.86213235
58900000,1.622589532,9.194674013,13.52157943,1.081726354,14.87373737
59000000,1.623853211,9.201834862,13.53211009,1.082568807,14.8853211
59100000,1.625114574,9.208982585,13.54262145,1.083409716,14.89688359
59200000,1.626373626,9.216117216,13.55311355,1.084249084,14.90842491
59300000,1.627630375,9.223238792,13.56358646,1.085086917,14.91994511
59400000,1.628884826,9.230347349,13.57404022,1.085923218,14.93144424
59500000,1.630136986,9.237442922,13.58447489,1.086757991,14.94292237
59600000,1.631386861,9.244525547,13.59489051,1.087591241,14.95437956
59700000,1.632634458,9.25159526,13.60528715,1.088422972,14.96581586
59800000,1.633879781,9.258652095,13.61566485,1.089253188,14.97723133
59900000,1.635122839,9.265696087,13.62602366,1.090081893,14.98862602
60000000,1.636363636,9.272727273,13.63636364,1.090909091,15
60100000,1.63760218,9.279745686,13.64668483,1.091734787,15.01135332
60200000,1.638838475,9.286751361,13.6569873,1.092558984,15.02268603
60300000,1.640072529,9.293744334,13.66727108,1.093381686,15.03399819
60400000,1.641304348,9.300724638,13.67753623,1.094202899,15.04528986
60500000,1.642533937,9.307692308,13.68778281,1.095022624,15.05656109
60600000,1.643761302,9.314647378,13.69801085,1.095840868,15.06781193
60700000,1.64498645,9.321589883,13.70822042,1.096657633,15.07904246
60800000,1.646209386,9.328519856,13.71841155,1.097472924,15.09025271
60900000,1.647430117,9.335437331,13.72858431,1.098286745,15.10144274
61000000,1.648648649,9.342342342,13.73873874,1.099099099,15.11261261
61100000,1.649864986,9.349234923,13.74887489,1.099909991,15.12376238
61200000,1.651079137,9.356115108,13.75899281,1.100719424,15.13489209
61300000,1.652291105,9.362982929,13.76909254,1.101527403,15.1460018
61400000,1.653500898,9.36983842,13.77917415,1.102333932,15.15709156
61500000,1.65470852,9.376681614,13.78923767,1.103139013,15.16816143
61600000,1.655913978,9.383512545,13.79928315,1.103942652,15.17921147
61700000,1.657117278,9.390331244,13.80931065,1.104744852,15.19024172
61800000,1.658318426,9.397137746,13.81932021,1.105545617,15.20125224
61900000,1.659517426,9.403932082,13.82931189,1.106344951,15.21224307
62000000,1.660714286,9.410714286,13.83928571,1.107142857,15.22321429
62100000,1.66190901,9.417484389,13.84924175,1.10793934,15.23416592
62200000,1.663101604,9.424242424,13.85918004,1.108734403,15.24509804
62300000,1.664292075,9.430988424,13.86910062,1.10952805,15.25601069
62400000,1.665480427,9.43772242,13.87900356,1.110320285,15.26690391
62500000,1.666666667,9.444444444,13.88888889,1.111111111,15.27777778
62600000,1.667850799,9.451154529,13.89875666,1.111900533,15.28863233
62700000,1.669032831,9.457852706,13.90860692,1.112688554,15.29946761
62800000,1.670212766,9.464539007,13.91843972,1.113475177,15.31028369
62900000,1.671390611,9.471213463,13.92825509,1.114260407,15.3210806
63000000,1.672566372,9.477876106,13.9380531,1.115044248,15.33185841
63100000,1.673740053,9.484526967,13.94783378,1.115826702,15.34261715
63200000,1.674911661,9.491166078,13.95759717,1.116607774,15.35335689
63300000,1.6760812,9.497793469,13.96734334,1.117387467,15.36407767
63400000,1.677248677,9.504409171,13.97707231,1.118165785,15.37477954
63500000,1.678414097,9.511013216,13.98678414,1.118942731,15.38546256
63600000,1.679577465,9.517605634,13.99647887,1.11971831,15.39612676
63700000,1.680738786,9.524186456,14.00615655,1.120492524,15.40677221
63800000,1.681898067,9.530755712,14.01581722,1.121265378,15.41739895
63900000,1.683055312,9.537313433,14.02546093,1.122036874,15.42800702
64000000,1.684210526,9.543859649,14.03508772,1.122807018,15.43859649
64100000,1.685363716,9.550394391,14.04469763,1.123575811,15.4491674
64200000,1.686514886,9.556917688,14.05429072,1.124343257,15.45971979
64300000,1.687664042,9.563429571,14.06386702,1.125109361,15.47025372
64400000,1.688811189,9.56993007,14.07342657,1.125874126,15.48076923
64500000,1.689956332,9.576419214,14.08296943,1.126637555,15.49126638
64600000,1.691099476,9.582897033,14.09249564,1.127399651,15.5017452
64700000,1.692240628,9.589363557,14.10200523,1.128160418,15.51220575
64800000,1.693379791,9.595818815,14.11149826,1.128919861,15.52264808
64900000,1.694516971,9.602262837,14.12097476,1.129677981,15.53307224
65000000,1.695652174,9.608695652,14.13043478,1.130434783,15.54347826
65100000,1.696785404,9.615117289,14.13987837,1.131190269,15.5538662
65200000,1.697916667,9.621527778,14.14930556,1.131944444,15.56423611
65300000,1.699045967,9.627927147,14.15871639,1.132697311,15.57458803
65400000,1.70017331,9.634315425,14.16811092,1.133448873,15.58492201
65500000,1.701298701,9.640692641,14.17748918,1.134199134,15.5952381
65600000,1.702422145,9.647058824,14.18685121,1.134948097,15.60553633
65700000,1.703543647,9.653414002,14.19619706,1.135695765,15.61581677
65800000,1.704663212,9.659758204,14.20552677,1.136442142,15.62607945
65900000,1.705780846,9.666091458,14.21484038,1.13718723,15.63632442
66000000,1.706896552,9.672413793,14.22413793,1.137931034,15.64655172
66100000,1.708010336,9.678725237,14.23341947,1.138673557,15.65676141
66200000,1.709122203,9.685025818,14.24268503,1.139414802,15.66695353
66300000,1.710232158,9.691315563,14.25193465,1.140154772,15.67712812
66400000,1.711340206,9.697594502,14.26116838,1.140893471,15.68728522
66500000,1.712446352,9.703862661,14.27038627,1.141630901,15.69742489
66600000,1.7135506,9.710120069,14.27958834,1.142367067,15.70754717
66700000,1.714652956,9.716366752,14.28877464,1.143101971,15.7176521
66800000,1.715753425,9.72260274,14.29794521,1.143835616,15.72773973
66900000,1.71685201,9.728828058,14.30710009,1.144568007,15.73781009
67000000,1.717948718,9.735042735,14.31623932,1.145299145,15.74786325
67100000,1.719043553,9.741246798,14.32536294,1.146029035,15.75789923
67200000,1.720136519,9.747440273,14.33447099,1.146757679,15.76791809
67300000,1.721227621,9.753623188,14.34356351,1.147485081,15.77791986
67400000,1.722316865,9.759795571,14.35264055,1.148211244,15.7879046
67500000,1.723404255,9.765957447,14.36170213,1.14893617,15.79787234
67600000,1.724489796,9.772108844,14.3707483,1.149659864,15.80782313
67700000,1.725573492,9.778249788,14.3797791,1.150382328,15.81775701
67800000,1.726655348,9.784380306,14.38879457,1.151103565,15.82767402
67900000,1.727735369,9.790500424,14.39779474,1.151823579,15.83757422
68000000,1.728813559,9.796610169,14.40677966,1.152542373,15.84745763
68100000,1.729889924,9.802709568,14.41574936,1.153259949,15.8573243
68200000,1.730964467,9.808798646,14.42470389,1.153976311,15.86717428
68300000,1.732037194,9.81487743,14.43364328,1.154691462,15.87700761
68400000,1.733108108,9.820945946,14.44256757,1.155405405,15.88682432
68500000,1.734177215,9.827004219,14.45147679,1.156118143,15.89662447
68600000,1.735244519,9.833052277,14.46037099,1.15682968,15.90640809
68700000,1.736310025,9.839090143,14.46925021,1.157540017,15.91617523
68800000,1.737373737,9.845117845,14.47811448,1.158249158,15.92592593
68900000,1.73843566,9.851135408,14.48696384,1.158957107,15.93566022
69000000,1.739495798,9.857142857,14.49579832,1.159663866,15.94537815
69100000,1.740554156,9.863140218,14.50461797,1.160369437,15.95507976
69200000,1.741610738,9.869127517,14.51342282,1.161073826,15.9647651
69300000,1.742665549,9.875104778,14.52221291,1.161777033,15.9744342
69400000,1.743718593,9.881072027,14.53098827,1.162479062,15.9840871
69500000,1.744769874,9.887029289,14.53974895,1.163179916,15.99372385
69600000,1.745819398,9.892976589,14.54849498,1.163879599,16.00334448
69700000,1.746867168,9.898913952,14.5572264,1.164578112,16.01294904
69800000,1.747913189,9.904841402,14.56594324,1.165275459,16.02253756
69900000,1.748957465,9.910758966,14.57464554,1.165971643,16.03211009
70000000,1.75,9.916666667,14.58333333,1.166666667,16.04166667
70100000,1.751040799,9.92256453,14.59200666,1.167360533,16.05120733
70200000,1.752079867,9.928452579,14.60066556,1.168053245,16.06073211
70300000,1.753117207,9.93433084,14.60931006,1.168744805,16.07024106
70400000,1.754152824,9.940199336,14.6179402,1.169435216,16.07973422
70500000,1.755186722,9.946058091,14.62655602,1.170124481,16.08921162
70600000,1.756218905,9.951907131,14.63515755,1.170812604,16.0986733
70700000,1.757249379,9.957746479,14.64374482,1.171499586,16.1081193
70800000,1.758278146,9.963576159,14.65231788,1.17218543,16.11754967
70900000,1.759305211,9.969396195,14.66087676,1.172870141,16.12696443
71000000,1.760330579,9.975206612,14.66942149,1.173553719,16.13636364
71100000,1.761354253,9.981007432,14.67795211,1.174236168,16.14574732
71200000,1.762376238,9.98679868,14.68646865,1.174917492,16.15511551
71300000,1.763396538,9.992580379,14.69497115,1.175597692,16.16446826
71400000,1.764415157,9.998352554,14.70345964,1.176276771,16.1738056
71500000,1.765432099,10.00411523,14.71193416,1.176954733,16.18312757
71600000,1.766447368,10.00986842,14.72039474,1.177631579,16.19243421
71700000,1.76746097,10.01561216,14.72884141,1.178307313,16.20172555
71800000,1.768472906,10.02134647,14.73727422,1.178981938,16.21100164
71900000,1.769483183,10.02707137,14.74569319,1.179655455,16.22026251
72000000,1.770491803,10.03278689,14.75409836,1.180327869,16.2295082
72100000,1.771498771,10.03849304,14.76248976,1.180999181,16.23873874
72200000,1.772504092,10.04418985,14.77086743,1.181669394,16.24795417
72300000,1.773507768,10.04987735,14.7792314,1.182338512,16.25715454
72400000,1.774509804,10.05555556,14.7875817,1.183006536,16.26633987
72500000,1.775510204,10.06122449,14.79591837,1.183673469,16.2755102
72600000,1.776508972,10.06688418,14.80424144,1.184339315,16.28466558
72700000,1.777506112,10.07253464,14.81255094,1.185004075,16.29380603
72800000,1.778501629,10.0781759,14.82084691,1.185667752,16.3029316
72900000,1.779495525,10.08380797,14.82912937,1.18633035,16.31204231
73000000,1.780487805,10.08943089,14.83739837,1.18699187,16.32113821
73100000,1.781478473,10.09504468,14.84565394,1.187652315,16.33021933
73200000,1.782467532,10.10064935,14.8538961,1.188311688,16.33928571
73300000,1.783454988,10.10624493,14.8621249,1.188969992,16.34833739
73400000,1.784440843,10.11183144,14.87034036,1.189627229,16.35737439
73500000,1.785425101,10.11740891,14.87854251,1.190283401,16.36639676
73600000,1.786407767,10.12297735,14.88673139,1.190938511,16.37540453
73700000,1.787388844,10.12853678,14.89490703,1.191592563,16.38439774
73800000,1.788368336,10.13408724,14.90306947,1.192245557,16.39337641
73900000,1.789346247,10.13962873,14.91121872,1.192897498,16.4023406
74000000,1.790322581,10.14516129,14.91935484,1.193548387,16.41129032
74100000,1.791297341,10.15068493,14.92747784,1.194198227,16.42022562
74200000,1.792270531,10.15619968,14.93558776,1.194847021,16.42914654
74300000,1.793242156,10.16170555,14.94368463,1.195494771,16.4380531
74400000,1.794212219,10.16720257,14.95176849,1.196141479,16.44694534
74500000,1.795180723,10.17269076,14.95983936,1.196787149,16.45582329
74600000,1.796147673,10.17817014,14.96789727,1.197431782,16.464687
74700000,1.797113071,10.18364074,14.97594226,1.198075381,16.47353649
74800000,1.798076923,10.18910256,14.98397436,1.198717949,16.48237179
74900000,1.799039231,10.19455564,14.99199359,1.199359488,16.49119295
75000000,1.8,10.2,15,1.2,16.5
75100000,1.800959233,10.20543565,15.00799361,1.200639488,16.50879297
75200000,1.801916933,10.21086262,15.01597444,1.201277955,16.51757188
75300000,1.802873105,10.21628093,15.02394254,1.201915403,16.52633679
75400000,1.803827751,10.22169059,15.03189793,1.202551834,16.53508772
75500000,1.804780876,10.22709163,15.03984064,1.203187251,16.5438247
75600000,1.805732484,10.23248408,15.0477707,1.203821656,16.55254777
75700000,1.806682578,10.23786794,15.05568815,1.204455052,16.56125696
75800000,1.807631161,10.24324324,15.063593,1.20508744,16.56995231
75900000,1.808578237,10.24861001,15.07148531,1.205718824,16.57863384
76000000,1.80952381,10.25396825,15.07936508,1.206349206,16.58730159
76100000,1.810467883,10.259318,15.08723236,1.206978588,16.59595559
76200000,1.81141046,10.26465927,15.09508716,1.207606973,16.60459588
76300000,1.812351544,10.26999208,15.10292953,1.208234363,16.61322249
76400000,1.813291139,10.27531646,15.11075949,1.208860759,16.62183544
76500000,1.814229249,10.28063241,15.11857708,1.209486166,16.63043478
76600000,1.815165877,10.28593997,15.12638231,1.210110585,16.63902054
76700000,1.816101026,10.29123915,15.13417522,1.210734017,16.64759274
76800000,1.8170347,10.29652997,15.14195584,1.211356467,16.65615142
76900000,1.817966903,10.30181245,15.14972419,1.211977935,16.66469661
77000000,1.818897638,10.30708661,15.15748031,1.212598425,16.67322835
77100000,1.819826908,10.31235248,15.16522423,1.213217939,16.68174666
77200000,1.820754717,10.31761006,15.17295597,1.213836478,16.69025157
77300000,1.821681068,10.32285939,15.18067557,1.214454046,16.69874313
77400000,1.822605965,10.32810047,15.18838305,1.215070644,16.70722135
77500000,1.823529412,10.33333333,15.19607843,1.215686275,16.71568627
77600000,1.824451411,10.33855799,15.20376176,1.21630094,16.72413793
77700000,1.825371966,10.34377447,15.21143305,1.216914644,16.73257635
77800000,1.82629108,10.34898279,15.21909233,1.217527387,16.74100156
77900000,1.827208757,10.35418296,15.22673964,1.218139171,16.7494136
78000000,1.828125,10.359375,15.234375,1.21875,16.7578125
78100000,1.829039813,10.36455894,15.24199844,1.219359875,16.76619828
78200000,1.829953198,10.36973479,15.24960998,1.219968799,16.77457098
78300000,1.83086516,10.37490257,15.25720966,1.220576773,16.78293063
78400000,1.831775701,10.38006231,15.26479751,1.221183801,16.79127726
78500000,1.832684825,10.38521401,15.27237354,1.221789883,16.79961089
78600000,1.833592535,10.3903577,15.27993779,1.222395023,16.80793157
78700000,1.834498834,10.3954934,15.28749029,1.222999223,16.81623932
78800000,1.835403727,10.40062112,15.29503106,1.223602484,16.82453416
78900000,1.836307215,10.40574088,15.30256012,1.22420481,16.83281614
79000000,1.837209302,10.41085271,15.31007752,1.224806202,16.84108527
79100000,1.838109992,10.41595662,15.31758327,1.225406662,16.8493416
79200000,1.839009288,10.42105263,15.3250774,1.226006192,16.85758514
79300000,1.839907193,10.42614076,15.33255994,1.226604795,16.86581593
79400000,1.840803709,10.43122102,15.34003091,1.227202473,16.874034
79500000,1.841698842,10.43629344,15.34749035,1.227799228,16.88223938
79600000,1.842592593,10.44135802,15.35493827,1.228395062,16.8904321
79700000,1.843484965,10.4464148,15.36237471,1.228989977,16.89861218
79800000,1.844375963,10.45146379,15.36979969,1.229583975,16.90677966
79900000,1.845265589,10.456505,15.37721324,1.230177059,16.91493457
80000000,1.846153846,10.46153846,15.38461538,1.230769231,16.92307692
80100000,1.847040738,10.46656418,15.39200615,1.231360492,16.93120676
80200000,1.847926267,10.47158218,15.39938556,1.231950845,16.93932412
80300000,1.848810437,10.47659248,15.40675365,1.232540292,16.94742901
80400000,1.849693252,10.48159509,15.41411043,1.233128834,16.95552147
80500000,1.850574713,10.48659004,15.42145594,1.233716475,16.96360153
80600000,1.851454824,10.49157734,15.4287902,1.234303216,16.97166922
80700000,1.852333588,10.496557,15.43611324,1.234889059,16.97972456
80800000,1.853211009,10.50152905,15.44342508,1.235474006,16.98776758
80900000,1.854087089,10.50649351,15.45072574,1.23605806,16.99579832
81000000,1.854961832,10.51145038,15.45801527,1.236641221,17.00381679
81100000,1.85583524,10.51639969,15.46529367,1.237223494,17.01182304
81200000,1.856707317,10.52134146,15.47256098,1.237804878,17.01981707
81300000,1.857578065,10.5262757,15.47981721,1.238385377,17.02779893
81400000,1.858447489,10.53120244,15.4870624,1.238964992,17.03576865
81500000,1.859315589,10.53612167,15.49429658,1.239543726,17.04372624
81600000,1.860182371,10.54103343,15.50151976,1.240121581,17.05167173
81700000,1.861047836,10.54593774,15.50873197,1.240698557,17.05960516
81800000,1.861911988,10.5508346,15.51593323,1.241274659,17.06752656
81900000,1.862774829,10.55572403,15.52312358,1.241849886,17.07543594
82000000,1.863636364,10.56060606,15.53030303,1.242424242,17.08333333
82100000,1.864496593,10.5654807,15.53747161,1.242997729,17.09121877
82200000,1.865355522,10.57034796,15.54462935,1.243570348,17.09909228
82300000,1.866213152,10.57520786,15.55177627,1.244142101,17.10695389
82400000,1.867069486,10.58006042,15.55891239,1.244712991,17.11480363
82500000,1.867924528,10.58490566,15.56603774,1.245283019,17.12264151
82600000,1.868778281,10.58974359,15.57315234,1.245852187,17.13046757
82700000,1.869630746,10.59457423,15.58025622,1.246420497,17.13828184
82800000,1.870481928,10.59939759,15.5873494,1.246987952,17.14608434
82900000,1.871331828,10.60421369,15.5944319,1.247554552,17.15387509
83000000,1.872180451,10.60902256,15.60150376,1.248120301,17.16165414
83100000,1.873027799,10.61382419,15.60856499,1.248685199,17.16942149
83200000,1.873873874,10.61861862,15.61561562,1.249249249,17.17717718
83300000,1.87471868,10.62340585,15.62265566,1.249812453,17.18492123
83400000,1.875562219,10.62818591,15.62968516,1.250374813,17.19265367
83500000,1.876404494,10.6329588,15.63670412,1.25093633,17.20037453
83600000,1.877245509,10.63772455,15.64371257,1.251497006,17.20808383
83700000,1.878085266,10.64248317,15.65071055,1.252056844,17.2157816
83800000,1.878923767,10.64723468,15.65769806,1.252615845,17.22346786
83900000,1.879761016,10.65197909,15.66467513,1.25317401,17.23114264
84000000,1.880597015,10.65671642,15.67164179,1.253731343,17.23880597
84100000,1.881431767,10.66144668,15.67859806,1.254287845,17.24645787
84200000,1.882265276,10.6661699,15.68554396,1.254843517,17.25409836
84300000,1.883097543,10.67088608,15.69247952,1.255398362,17.26172748
84400000,1.883928571,10.67559524,15.69940476,1.255952381,17.26934524
84500000,1.884758364,10.6802974,15.7063197,1.256505576,17.27695167
84600000,1.885586924,10.68499257,15.71322437,1.257057949,17.28454681
84700000,1.886414254,10.68968077,15.72011878,1.257609503,17.29213066
84800000,1.887240356,10.69436202,15.72700297,1.258160237,17.29970326
84900000,1.888065234,10.69903632,15.73387695,1.258710156,17.30726464
85000000,1.888888889,10.7037037,15.74074074,1.259259259,17.31481481
85100000,1.889711325,10.70836417,15.74759437,1.25980755,17.32235381
85200000,1.890532544,10.71301775,15.75443787,1.26035503,17.32988166
85300000,1.89135255,10.71766445,15.76127125,1.2609017,17.33739837
85400000,1.892171344,10.72230428,15.76809453,1.261447563,17.34490399
85500000,1.89298893,10.72693727,15.77490775,1.26199262,17.35239852
85600000,1.89380531,10.73156342,15.78171091,1.262536873,17.35988201
85700000,1.894620486,10.73618276,15.78850405,1.263080324,17.36735446
85800000,1.895434462,10.74079529,15.79528719,1.263622975,17.37481591
85900000,1.896247241,10.74540103,15.80206034,1.264164827,17.38226637
86000000,1.897058824,10.75,15.80882353,1.264705882,17.38970588
86100000,1.897869214,10.75459221,15.81557678,1.265246143,17.39713446
86200000,1.898678414,10.75917768,15.82232012,1.265785609,17.40455213
86300000,1.899486427,10.76375642,15.82905356,1.266324285,17.41195891
86400000,1.900293255,10.76832845,15.83577713,1.26686217,17.41935484
86500000,1.901098901,10.77289377,15.84249084,1.267399267,17.42673993
86600000,1.901903367,10.77745242,15.84919473,1.267935578,17.4341142
86700000,1.902706657,10.78200439,15.85588881,1.268471105,17.44147769
86800000,1.903508772,10.78654971,15.8625731,1.269005848,17.44883041
86900000,1.904309715,10.79108839,15.86924763,1.26953981,17.45617239
87000000,1.905109489,10.79562044,15.87591241,1.270072993,17.46350365
87100000,1.905908096,10.80014588,15.88256747,1.270605398,17.47082422
87200000,1.906705539,10.80466472,15.88921283,1.271137026,17.47813411
87300000,1.907501821,10.80917698,15.89584851,1.271667881,17.48543336
87400000,1.908296943,10.81368268,15.90247453,1.272197962,17.49272198
87500000,1.909090909,10.81818182,15.90909091,1.272727273,17.5
87600000,1.909883721,10.82267442,15.91569767,1.273255814,17.50726744
87700000,1.910675381,10.82716049,15.92229484,1.273783588,17.51452433
87800000,1.911465893,10.83164006,15.92888244,1.274310595,17.52177068
87900000,1.912255257,10.83611313,15.93546048,1.274836838,17.52900653
88000000,1.913043478,10.84057971,15.94202899,1.275362319,17.53623188
88100000,1.913830558,10.84503983,15.94858798,1.275887038,17.54344678
88200000,1.914616498,10.84949349,15.95513748,1.276410999,17.55065123
88300000,1.915401302,10.85394071,15.96167751,1.276934201,17.55784526
88400000,1.916184971,10.8583815,15.96820809,1.277456647,17.5650289
88500000,1.916967509,10.86281588,15.97472924,1.277978339,17.57220217
88600000,1.917748918,10.86724387,15.98124098,1.278499278,17.57936508
88700000,1.9185292,10.87166547,15.98774333,1.279019466,17.58651766
88800000,1.919308357,10.87608069,15.99423631,1.279538905,17.59365994
88900000,1.920086393,10.88048956,16.00071994,1.280057595,17.60079194
89000000,1.920863309,10.88489209,16.00719424,1.28057554,17.60791367
89100000,1.921639109,10.88928828,16.01365924,1.281092739,17.61502516
89200000,1.922413793,10.89367816,16.02011494,1.281609195,17.62212644
89300000,1.923187365,10.89806174,16.02656138,1.28212491,17.62921752
89400000,1.923959828,10.90243902,16.03299857,1.282639885,17.63629842
89500000,1.924731183,10.90681004,16.03942652,1.283154122,17.64336918
89600000,1.925501433,10.91117479,16.04584527,1.283667622,17.6504298
89700000,1.92627058,10.91553329,16.05225483,1.284180387,17.65748031
89800000,1.927038627,10.91988555,16.05865522,1.284692418,17.66452074
89900000,1.927805575,10.92423159,16.06504646,1.285203717,17.67155111
90000000,1.928571429,10.92857143,16.07142857,1.285714286,17.67857143
90100000,1.929336188,10.93290507,16.07780157,1.286224126,17.68558173
90200000,1.930099857,10.93723252,16.08416548,1.286733238,17.69258203
90300000,1.930862438,10.94155381,16.09052031,1.287241625,17.69957234
90400000,1.931623932,10.94586895,16.0968661,1.287749288,17.70655271
90500000,1.932384342,10.95017794,16.10320285,1.288256228,17.71352313
90600000,1.93314367,10.9544808,16.10953058,1.288762447,17.72048364
90700000,1.933901919,10.95877754,16.11584932,1.289267946,17.72743426
90800000,1.934659091,10.96306818,16.12215909,1.289772727,17.734375
90900000,1.935415188,10.96735273,16.1284599,1.290276792,17.74130589
91000000,1.936170213,10.97163121,16.13475177,1.290780142,17.74822695
91100000,1.936924167,10.97590361,16.14103473,1.291282778,17.7551382
91200000,1.937677054,10.98016997,16.14730878,1.291784703,17.76203966
91300000,1.938428875,10.98443029,16.15357396,1.292285916,17.76893135
91400000,1.939179632,10.98868458,16.15983027,1.292786421,17.7758133
91500000,1.939929329,10.99293286,16.16607774,1.293286219,17.78268551
91600000,1.940677966,10.99717514,16.17231638,1.293785311,17.78954802
91700000,1.941425547,11.00141143,16.17854622,1.294283698,17.79640085
91800000,1.942172073,11.00564175,16.18476728,1.294781382,17.80324401
91900000,1.942917548,11.0098661,16.19097956,1.295278365,17.81007752
92000000,1.943661972,11.01408451,16.1971831,1.295774648,17.81690141
92100000,1.944405348,11.01829697,16.2033779,1.296270232,17.82371569
92200000,1.945147679,11.02250352,16.20956399,1.29676512,17.83052039
92300000,1.945888967,11.02670415,16.21574139,1.297259311,17.83731553
92400000,1.946629213,11.03089888,16.22191011,1.297752809,17.84410112
92500000,1.947368421,11.03508772,16.22807018,1.298245614,17.85087719
92600000,1.948106592,11.03927069,16.2342216,1.298737728,17.85764376
92700000,1.948843728,11.04344779,16.2403644,1.299229152,17.86440084
92800000,1.949579832,11.04761905,16.2464986,1.299719888,17.87114846
92900000,1.950314906,11.05178446,16.25262421,1.300209937,17.87788663
93000000,1.951048951,11.05594406,16.25874126,1.300699301,17.88461538
93100000,1.951781971,11.06009783,16.26484976,1.30118798,17.89133473
93200000,1.952513966,11.06424581,16.27094972,1.301675978,17.89804469
93300000,1.953244941,11.068388,16.27704117,1.302163294,17.90474529
93400000,1.953974895,11.07252441,16.28312413,1.30264993,17.91143654
93500000,1.954703833,11.07665505,16.28919861,1.303135889,17.91811847
93600000,1.955431755,11.08077994,16.29526462,1.30362117,17.92479109
93700000,1.956158664,11.0848991,16.3013222,1.304105776,17.93145442
93800000,1.956884562,11.08901252,16.30737135,1.304589708,17.93810848
93900000,1.957609451,11.09312022,16.31341209,1.305072967,17.9447533
94000000,1.958333333,11.09722222,16.31944444,1.305555556,17.95138889
94100000,1.959056211,11.10131853,16.32546842,1.306037474,17.95801527
94200000,1.959778086,11.10540915,16.33148405,1.306518724,17.96463245
94300000,1.96049896,11.10949411,16.33749134,1.306999307,17.97124047
94400000,1.961218837,11.11357341,16.3434903,1.307479224,17.97783934
94500000,1.961937716,11.11764706,16.34948097,1.307958478,17.98442907
94600000,1.962655602,11.12171508,16.35546335,1.308437068,17.99100968
94700000,1.963372495,11.12577747,16.36143746,1.308914997,17.9975812
94800000,1.964088398,11.12983425,16.36740331,1.309392265,18.00414365
94900000,1.964803313,11.13388544,16.37336094,1.309868875,18.01069703
95000000,1.965517241,11.13793103,16.37931034,1.310344828,18.01724138
95100000,1.966230186,11.14197105,16.38525155,1.310820124,18.02377671
95200000,1.966942149,11.14600551,16.39118457,1.311294766,18.03030303
95300000,1.967653131,11.15003441,16.39710943,1.311768754,18.03682037
95400000,1.968363136,11.15405777,16.40302613,1.312242091,18.04332875
95500000,1.969072165,11.1580756,16.40893471,1.312714777,18.04982818
95600000,1.96978022,11.16208791,16.41483516,1.313186813,18.05631868
95700000,1.970487303,11.16609472,16.42072752,1.313658202,18.06280027
95800000,1.971193416,11.17009602,16.4266118,1.314128944,18.06927298
95900000,1.971898561,11.17409184,16.43248801,1.31459904,18.07573681
96000000,1.97260274,11.17808219,16.43835616,1.315068493,18.08219178
96100000,1.973305955,11.18206708,16.44421629,1.315537303,18.08863792
96200000,1.974008208,11.18604651,16.4500684,1.316005472,18.09507524
96300000,1.974709501,11.19002051,16.45591251,1.316473001,18.10150376
96400000,1.975409836,11.19398907,16.46174863,1.316939891,18.1079235
96500000,1.976109215,11.19795222,16.46757679,1.317406143,18.11433447
96600000,1.97680764,11.20190996,16.473397,1.31787176,18.1207367
96700000,1.977505112,11.2058623,16.47920927,1.318336742,18.1271302
96800000,1.978201635,11.20980926,16.48501362,1.31880109,18.13351499
96900000,1.978897209,11.21375085,16.49081007,1.319264806,18.13989108
97000000,1.979591837,11.21768707,16.49659864,1.319727891,18.1462585
97100000,1.98028552,11.22161795,16.50237933,1.320190347,18.15261727
97200000,1.980978261,11.22554348,16.50815217,1.320652174,18.15896739
97300000,1.981670061,11.22946368,16.51391718,1.321113374,18.16530889
97400000,1.982360923,11.23337856,16.51967436,1.321573948,18.17164179
97500000,1.983050847,11.23728814,16.52542373,1.322033898,18.1779661
97600000,1.983739837,11.24119241,16.53116531,1.322493225,18.18428184
97700000,1.984427894,11.2450914,16.53689912,1.32295193,18.19058903
97800000,1.98511502,11.24898512,16.54262517,1.323410014,18.19688769
97900000,1.985801217,11.25287356,16.54834348,1.323867478,18.20317782
98000000,1.986486486,11.25675676,16.55405405,1.324324324,18.20945946
98100000,1.987170831,11.26063471,16.55975692,1.324780554,18.21573261
98200000,1.987854251,11.26450742,16.56545209,1.325236167,18.2219973
98300000,1.98853675,11.26837492,16.57113958,1.325691167,18.22825354
98400000,1.989218329,11.2722372,16.57681941,1.326145553,18.23450135
98500000,1.98989899,11.27609428,16.58249158,1.326599327,18.24074074
98600000,1.990578735,11.27994616,16.58815612,1.32705249,18.24697174
98700000,1.991257566,11.28379287,16.59381305,1.327505044,18.25319435
98800000,1.991935484,11.28763441,16.59946237,1.327956989,18.2594086
98900000,1.992612492,11.29147079,16.6051041,1.328408328,18.26561451
99000000,1.993288591,11.29530201,16.61073826,1.32885906,18.27181208
99100000,1.993963783,11.2991281,16.61636486,1.329309188,18.27800134
99200000,1.99463807,11.30294906,16.62198391,1.329758713,18.28418231
99300000,1.995311453,11.3067649,16.62759545,1.330207636,18.29035499
99400000,1.995983936,11.31057564,16.63319946,1.330655957,18.29651941
99500000,1.996655518,11.31438127,16.63879599,1.331103679,18.30267559
99600000,1.997326203,11.31818182,16.64438503,1.331550802,18.30882353
99700000,1.997995992,11.32197729,16.6499666,1.331997328,18.31496326
99800000,1.998664887,11.32576769,16.65554072,1.332443258,18.32109479
99900000,1.999332889,11.32955304,16.6611074,1.332888592,18.32721815
100000000,2,11.33333333,16.66666667,1.333333333,18.33333333
100100000,2.000666223,11.33710859,16.67221852,1.333777482,18.33944037
100200000,2.001331558,11.34087883,16.67776298,1.334221039,18.34553928
100300000,2.001996008,11.34464405,16.68330007,1.334664005,18.35163007
100400000,2.002659574,11.34840426,16.68882979,1.335106383,18.35771277
100500000,2.003322259,11.35215947,16.69435216,1.335548173,18.36378738
100600000,2.003984064,11.35590969,16.6998672,1.335989376,18.36985392
100700000,2.00464499,11.35965494,16.70537492,1.336429993,18.37591241
100800000,2.00530504,11.36339523,16.71087533,1.336870027,18.38196286
100900000,2.005964215,11.36713055,16.71636846,1.337309476,18.3880053
101000000,2.006622517,11.37086093,16.7218543,1.337748344,18.39403974
101100000,2.007279947,11.37458637,16.72733289,1.338186631,18.40006618
101200000,2.007936508,11.37830688,16.73280423,1.338624339,18.40608466
101300000,2.008592201,11.38202247,16.73826834,1.339061467,18.41209518
101400000,2.009247028,11.38573316,16.74372523,1.339498018,18.41809775
101500000,2.00990099,11.38943894,16.74917492,1.339933993,18.42409241
101600000,2.01055409,11.39313984,16.75461741,1.340369393,18.43007916
101700000,2.011206328,11.39683586,16.76005274,1.340804219,18.43605801
101800000,2.011857708,11.40052701,16.7654809,1.341238472,18.44202899
101900000,2.012508229,11.4042133,16.77090191,1.341672153,18.4479921
102000000,2.013157895,11.40789474,16.77631579,1.342105263,18.45394737
102100000,2.013806706,11.41157133,16.78172255,1.342537804,18.45989481
102200000,2.014454665,11.4152431,16.78712221,1.342969777,18.46583443
102300000,2.015101773,11.41891005,16.79251477,1.343401182,18.47176625
102400000,2.015748031,11.42257218,16.79790026,1.343832021,18.47769029
102500000,2.016393443,11.42622951,16.80327869,1.344262295,18.48360656
102600000,2.017038008,11.42988204,16.80865007,1.344692005,18.48951507
102700000,2.017681729,11.4335298,16.81401441,1.345121153,18.49541585
102800000,2.018324607,11.43717277,16.81937173,1.345549738,18.5013089
102900000,2.018966645,11.44081099,16.82472204,1.345977763,18.50719424
103000000,2.019607843,11.44444444,16.83006536,1.346405229,18.5130719
103100000,2.020248204,11.44807315,16.8354017,1.346832136,18.51894187
103200000,2.020887728,11.45169713,16.84073107,1.347258486,18.52480418
103300000,2.021526419,11.45531637,16.84605349,1.347684279,18.53065884
103400000,2.022164276,11.4589309,16.85136897,1.348109518,18.53650587
103500000,2.022801303,11.46254072,16.85667752,1.348534202,18.54234528
103600000,2.0234375,11.46614583,16.86197917,1.348958333,18.54817708
103700000,2.024072869,11.46974626,16.86727391,1.349381913,18.5540013
103800000,2.024707412,11.473342,16.87256177,1.349804941,18.55981795
103900000,2.025341131,11.47693307,16.87784276,1.35022742,18.56562703
104000000,2.025974026,11.48051948,16.88311688,1.350649351,18.57142857
104100000,2.0266061,11.48410123,16.88838417,1.351070733,18.57722258
104200000,2.027237354,11.48767834,16.89364462,1.351491569,18.58300908
104300000,2.02786779,11.49125081,16.89889825,1.35191186,18.58878808
104400000,2.028497409,11.49481865,16.90414508,1.352331606,18.59455959
104500000,2.029126214,11.49838188,16.90938511,1.352750809,18.60032362
104600000,2.029754204,11.50194049,16.91461837,1.35316947,18.60608021
104700000,2.030381383,11.50549451,16.91984486,1.353587589,18.61182935
104800000,2.031007752,11.50904393,16.9250646,1.354005168,18.61757106
104900000,2.031633312,11.51258877,16.9302776,1.354422208,18.62330536
105000000,2.032258065,11.51612903,16.93548387,1.35483871,18.62903226
105100000,2.032882012,11.51966473,16.94068343,1.355254674,18.63475177
105200000,2.033505155,11.52319588,16.94587629,1.355670103,18.64046392
105300000,2.034127495,11.52672247,16.95106246,1.356084997,18.64616871
105400000,2.034749035,11.53024453,16.95624196,1.356499356,18.65186615
105500000,2.035369775,11.53376206,16.96141479,1.356913183,18.65755627
105600000,2.035989717,11.53727506,16.96658098,1.357326478,18.66323907
105700000,2.036608863,11.54078356,16.97174053,1.357739242,18.66891458
105800000,2.037227214,11.54428755,16.97689345,1.358151476,18.6745828
105900000,2.037844772,11.54778704,16.98203977,1.358563182,18.68024375
106000000,2.038461538,11.55128205,16.98717949,1.358974359,18.68589744
106100000,2.039077514,11.55477258,16.99231262,1.35938501,18.69154388
106200000,2.039692702,11.55825864,16.99743918,1.359795134,18.6971831
106300000,2.040307102,11.56174024,17.00255918,1.360204734,18.7028151
106400000,2.040920716,11.56521739,17.00767263,1.360613811,18.7084399
106500000,2.041533546,11.5686901,17.01277955,1.361022364,18.71405751
106600000,2.042145594,11.57215837,17.01787995,1.361430396,18.71966794
106700000,2.04275686,11.57562221,17.02297384,1.361837907,18.72527122
106800000,2.043367347,11.57908163,17.02806122,1.362244898,18.73086735
106900000,2.043977055,11.58253665,17.03314213,1.36265137,18.73645634
107000000,2.044585987,11.58598726,17.03821656,1.363057325,18.74203822
107100000,2.045194144,11.58943348,17.04328453,1.363462763,18.74761299
107200000,2.045801527,11.59287532,17.04834606,1.363867684,18.75318066
107300000,2.046408137,11.59631278,17.05340114,1.364272092,18.75874126
107400000,2.047013977,11.59974587,17.05844981,1.364675985,18.76429479
107500000,2.047619048,11.6031746,17.06349206,1.365079365,18.76984127
107600000,2.04822335,11.60659898,17.06852792,1.365482234,18.77538071
107700000,2.048826886,11.61001902,17.07355739,1.365884591,18.78091313
107800000,2.049429658,11.61343473,17.07858048,1.366286439,18.78643853
107900000,2.050031666,11.61684611,17.08359721,1.366687777,18.79195693
108000000,2.050632911,11.62025316,17.08860759,1.367088608,18.79746835
108100000,2.051233397,11.62365591,17.09361164,1.367488931,18.8029728
108200000,2.051833123,11.62705436,17.09860936,1.367888748,18.80847029
108300000,2.052432091,11.63044852,17.10360076,1.368288061,18.81396083
108400000,2.053030303,11.63383838,17.10858586,1.368686869,18.81944444
108500000,2.05362776,11.63722397,17.11356467,1.369085174,18.82492114
108600000,2.054224464,11.6406053,17.1185372,1.369482976,18.83039092
108700000,2.054820416,11.64398236,17.12350347,1.369880277,18.83585381
108800000,2.055415617,11.64735516,17.12846348,1.370277078,18.84130982
108900000,2.056010069,11.65072373,17.13341724,1.370673379,18.84675897
109000000,2.056603774,11.65408805,17.13836478,1.371069182,18.85220126
109100000,2.057196732,11.65744815,17.1433061,1.371464488,18.85763671
109200000,2.057788945,11.66080402,17.14824121,1.371859296,18.86306533
109300000,2.058380414,11.66415568,17.15317012,1.37225361,18.86848713
109400000,2.058971142,11.66750314,17.15809285,1.372647428,18.87390213
109500000,2.059561129,11.67084639,17.1630094,1.373040752,18.87931034
109600000,2.060150376,11.67418546,17.1679198,1.373433584,18.88471178
109700000,2.060738885,11.67752035,17.17282405,1.373825924,18.89010645
109800000,2.061326658,11.68085106,17.17772215,1.374217772,18.89549437
109900000,2.061913696,11.68417761,17.18261413,1.374609131,18.90087555
110000000,2.0625,11.6875,17.1875,1.375,18.90625
110100000,2.063085572,11.69081824,17.19237976,1.375390381,18.91161774
110200000,2.063670412,11.69413233,17.19725343,1.375780275,18.91697878
110300000,2.064254523,11.6974423,17.20212102,1.376169682,18.92233313
110400000,2.064837905,11.70074813,17.20698254,1.376558603,18.9276808
110500000,2.065420561,11.70404984,17.21183801,1.37694704,18.93302181
110600000,2.066002491,11.70734745,17.21668742,1.377334994,18.93835616
110700000,2.066583696,11.71064095,17.2215308,1.377722464,18.94368388
110800000,2.067164179,11.71393035,17.22636816,1.378109453,18.94900498
110900000,2.06774394,11.71721566,17.2311995,1.37849596,18.95431945
111000000,2.068322981,11.72049689,17.23602484,1.378881988,18.95962733
111100000,2.068901304,11.72377405,17.2408442,1.379267536,18.96492862
111200000,2.069478908,11.72704715,17.24565757,1.379652605,18.97022333
111300000,2.070055797,11.73031618,17.25046497,1.380037198,18.97551147
111400000,2.07063197,11.73358116,17.25526642,1.380421314,18.98079306
111500000,2.07120743,11.73684211,17.26006192,1.380804954,18.98606811
111600000,2.071782178,11.74009901,17.26485149,1.381188119,18.99133663
111700000,2.072356215,11.74335189,17.26963513,1.38157081,18.99659864
111800000,2.072929543,11.74660074,17.27441286,1.381953028,19.00185414
111900000,2.073502162,11.74984558,17.27918468,1.382334775,19.00710315
112000000,2.074074074,11.75308642,17.28395062,1.382716049,19.01234568
112100000,2.074645281,11.75632326,17.28871067,1.383096854,19.01758174
112200000,2.075215783,11.7595561,17.29346486,1.383477189,19.02281134
112300000,2.075785582,11.76278497,17.29821319,1.383857055,19.0280345
112400000,2.07635468,11.76600985,17.30295567,1.384236453,19.03325123
112500000,2.076923077,11.76923077,17.30769231,1.384615385,19.03846154
112600000,2.077490775,11.77244772,17.31242312,1.38499385,19.04366544
112700000,2.078057775,11.77566073,17.31714813,1.38537185,19.04886294
112800000,2.078624079,11.77886978,17.32186732,1.385749386,19.05405405
112900000,2.079189687,11.78207489,17.32658072,1.386126458,19.0592388
113000000,2.079754601,11.78527607,17.33128834,1.386503067,19.06441718
113100000,2.080318823,11.78847333,17.33599019,1.386879215,19.06958921
113200000,2.080882353,11.79166667,17.34068627,1.387254902,19.0747549
113300000,2.081445193,11.79485609,17.34537661,1.387630129,19.07991427
113400000,2.082007344,11.79804162,17.3500612,1.388004896,19.08506732
113500000,2.082568807,11.80122324,17.35474006,1.388379205,19.09021407
113600000,2.083129584,11.80440098,17.3594132,1.388753056,19.09535452
113700000,2.083689676,11.80757483,17.36408064,1.389126451,19.1004887
113800000,2.084249084,11.81074481,17.36874237,1.389499389,19.10561661
113900000,2.08480781,11.81391092,17.37339841,1.389871873,19.11073826
114000000,2.085365854,11.81707317,17.37804878,1.390243902,19.11585366
114100000,2.085923218,11.82023157,17.38269348,1.390615478,19.12096283
114200000,2.086479903,11.82338611,17.38733252,1.390986602,19.12606577
114300000,2.08703591,11.82653682,17.39196592,1.391357273,19.13116251
114400000,2.087591241,11.8296837,17.39659367,1.391727494,19.13625304
114500000,2.088145897,11.83282675,17.40121581,1.392097264,19.14133739
114600000,2.088699878,11.83596598,17.40583232,1.392466586,19.14641555
114700000,2.089253188,11.8391014,17.41044323,1.392835458,19.15148755
114800000,2.089805825,11.84223301,17.41504854,1.393203883,19.1565534
114900000,2.090357793,11.84536082,17.41964827,1.393571862,19.1616131
115000000,2.090909091,11.84848485,17.42424242,1.393939394,19.16666667
115100000,2.091459721,11.85160509,17.42883101,1.394306481,19.17171411
115200000,2.092009685,11.85472155,17.43341404,1.394673123,19.17675545
115300000,2.092558984,11.85783424,17.43799153,1.395039322,19.18179068
115400000,2.093107618,11.86094317,17.44256348,1.395405079,19.18681983
115500000,2.093655589,11.86404834,17.44712991,1.395770393,19.1918429
115600000,2.094202899,11.86714976,17.45169082,1.396135266,19.1968599
115700000,2.094749547,11.87024744,17.45624623,1.396499698,19.20187085
115800000,2.095295537,11.87334138,17.46079614,1.396863691,19.20687575
115900000,2.095840868,11.87643159,17.46534057,1.397227245,19.21187462
116000000,2.096385542,11.87951807,17.46987952,1.397590361,19.21686747
116100000,2.096929561,11.88260084,17.474413,1.39795304,19.2218543
116200000,2.097472924,11.8856799,17.47894103,1.398315283,19.22683514
116300000,2.098015634,11.88875526,17.48346362,1.39867709,19.23180998
116400000,2.098557692,11.89182692,17.48798077,1.399038462,19.23677885
116500000,2.099099099,11.89489489,17.49249249,1.399399399,19.24174174
116600000,2.099639856,11.89795918,17.4969988,1.399759904,19.24669868
116700000,2.100179964,11.9010198,17.5014997,1.400119976,19.25164967
116800000,2.100719424,11.90407674,17.5059952,1.400479616,19.25659472
116900000,2.101258238,11.90713002,17.51048532,1.400838826,19.26153385
117000000,2.101796407,11.91017964,17.51497006,1.401197605,19.26646707
117100000,2.102333932,11.91322561,17.51944943,1.401555955,19.27139437
117200000,2.102870813,11.91626794,17.52392344,1.401913876,19.27631579
117300000,2.103407053,11.91930663,17.52839211,1.402271369,19.28123132
117400000,2.103942652,11.9223417,17.53285544,1.402628435,19.28614098
117500000,2.104477612,11.92537313,17.53731343,1.402985075,19.29104478
117600000,2.105011933,11.92840095,17.54176611,1.403341289,19.29594272
117700000,2.105545617,11.93142516,17.54621348,1.403697078,19.30083482
117800000,2.106078665,11.93444577,17.55065554,1.404052443,19.3057211
117900000,2.106611078,11.93746278,17.55509232,1.404407385,19.31060155
118000000,2.107142857,11.94047619,17.55952381,1.404761905,19.31547619
118100000,2.107674004,11.94348602,17.56395003,1.405116002,19.32034503
118200000,2.108204518,11.94649227,17.56837099,1.405469679,19.32520809
118300000,2.108734403,11.94949495,17.57278669,1.405822935,19.33006536
118400000,2.109263658,11.95249406,17.57719715,1.406175772,19.33491686
118500000,2.109792285,11.95548961,17.58160237,1.40652819,19.33976261
118600000,2.110320285,11.95848161,17.58600237,1.40688019,19.34460261
118700000,2.110847659,11.96147007,17.59039715,1.407231772,19.34943687
118800000,2.111374408,11.96445498,17.59478673,1.407582938,19.3542654
118900000,2.111900533,11.96743635,17.59917111,1.407933689,19.35908822
119000000,2.112426036,11.9704142,17.6035503,1.408284024,19.36390533
119100000,2.112950917,11.97338853,17.60792431,1.408633944,19.36871674
119200000,2.113475177,11.97635934,17.61229314,1.408983452,19.37352246
119300000,2.113998819,11.97932664,17.61665682,1.409332546,19.3783225
119400000,2.114521842,11.98229044,17.62101535,1.409681228,19.38311688
119500000,2.115044248,11.98525074,17.62536873,1.410029499,19.3879056
119600000,2.115566038,11.98820755,17.62971698,1.410377358,19.39268868
119700000,2.116087213,11.99116087,17.63406011,1.410724808,19.39746612
119800000,2.116607774,11.99411072,17.63839812,1.411071849,19.40223793
119900000,2.117127722,11.99705709,17.64273102,1.411418481,19.40700412
120000000,2.117647059,12,17.64705882,1.411764706,19.41176471
120100000,2.118165785,12.00293945,17.65138154,1.412110523,19.41651969
120200000,2.118683901,12.00587544,17.65569918,1.412455934,19.4212691
120300000,2.119201409,12.00880799,17.66001174,1.41280094,19.42601292
120400000,2.11971831,12.01173709,17.66431925,1.41314554,19.43075117
120500000,2.120234604,12.01466276,17.6686217,1.413489736,19.43548387
120600000,2.120750293,12.01758499,17.67291911,1.413833529,19.44021102
120700000,2.121265378,12.02050381,17.67721148,1.414176919,19.44493263
120800000,2.121779859,12.0234192,17.68149883,1.414519906,19.44964871
120900000,2.122293739,12.02633119,17.68578116,1.414862493,19.45435927
121000000,2.122807018,12.02923977,17.69005848,1.415204678,19.45906433
121100000,2.123319696,12.03214494,17.6943308,1.415546464,19.46376388
121200000,2.123831776,12.03504673,17.69859813,1.41588785,19.46845794
121300000,2.124343257,12.03794513,17.70286048,1.416228838,19.47314653
121400000,2.124854142,12.04084014,17.70711785,1.416569428,19.47782964
121500000,2.125364431,12.04373178,17.71137026,1.416909621,19.48250729
121600000,2.125874126,12.04662005,17.71561772,1.417249417,19.48717949
121700000,2.126383227,12.04950495,17.71986022,1.417588818,19.49184624
121800000,2.126891735,12.0523865,17.72409779,1.417927823,19.49650757
121900000,2.127399651,12.05526469,17.72833042,1.418266434,19.50116347
122000000,2.127906977,12.05813953,17.73255814,1.418604651,19.50581395
122100000,2.128413713,12.06101104,17.73678094,1.418942475,19.51045904
122200000,2.128919861,12.06387921,17.74099884,1.419279907,19.51509872
122300000,2.129425421,12.06674405,17.74521184,1.419616947,19.51973302
122400000,2.129930394,12.06960557,17.74941995,1.419953596,19.52436195
122500000,2.130434783,12.07246377,17.75362319,1.420289855,19.52898551
122600000,2.130938586,12.07531866,17.75782155,1.420625724,19.53360371
122700000,2.131441807,12.07817024,17.76201506,1.420961204,19.53821656
122800000,2.131944444,12.08101852,17.7662037,1.421296296,19.54282407
122900000,2.132446501,12.0838635,17.77038751,1.421631001,19.54742626
123000000,2.132947977,12.0867052,17.77456647,1.421965318,19.55202312
123100000,2.133448873,12.08954362,17.77874061,1.422299249,19.55661467
123200000,2.133949192,12.09237875,17.78290993,1.422632794,19.56120092
123300000,2.134448932,12.09521062,17.78707444,1.422965955,19.56578188
123400000,2.134948097,12.09803922,17.79123414,1.423298731,19.57035755
123500000,2.135446686,12.10086455,17.79538905,1.423631124,19.57492795
123600000,2.1359447,12.10368664,17.79953917,1.423963134,19.57949309
123700000,2.136442142,12.10650547,17.80368451,1.424294761,19.58405296
123800000,2.13693901,12.10932106,17.80782509,1.424626007,19.58860759
123900000,2.137435308,12.11213341,17.8119609,1.424956872,19.59315699
124000000,2.137931034,12.11494253,17.81609195,1.425287356,19.59770115
124100000,2.138426192,12.11774842,17.82021827,1.425617461,19.60224009
124200000,2.138920781,12.12055109,17.82433984,1.425947187,19.60677382
124300000,2.139414802,12.12335055,17.82845668,1.426276535,19.61130235
124400000,2.139908257,12.12614679,17.83256881,1.426605505,19.61582569
124500000,2.140401146,12.12893983,17.83667622,1.426934097,19.62034384
124600000,2.140893471,12.13172967,17.84077892,1.427262314,19.62485682
124700000,2.141385232,12.13451631,17.84487693,1.427590155,19.62936463
124800000,2.14187643,12.13729977,17.84897025,1.42791762,19.63386728
124900000,2.142367067,12.14008005,17.85305889,1.428244711,19.63836478
125000000,2.142857143,12.14285714,17.85714286,1.428571429,19.64285714
125100000,2.143346659,12.14563107,17.86122216,1.428897773,19.64734437
125200000,2.143835616,12.14840183,17.8652968,1.429223744,19.65182648
125300000,2.144324016,12.15116942,17.8693668,1.429549344,19.65630348
125400000,2.144811859,12.15393387,17.87343216,1.429874572,19.66077537
125500000,2.145299145,12.15669516,17.87749288,1.43019943,19.66524217
125600000,2.145785877,12.1594533,17.88154897,1.430523918,19.66970387
125700000,2.146272055,12.16220831,17.88560046,1.430848036,19.6741605
125800000,2.146757679,12.16496018,17.88964733,1.431171786,19.67861206
125900000,2.147242752,12.16770893,17.8936896,1.431495168,19.68305856
126000000,2.147727273,12.17045455,17.89772727,1.431818182,19.6875
126100000,2.148211244,12.17319705,17.90176036,1.432140829,19.6919364
126200000,2.148694665,12.17593644,17.90578888,1.43246311,19.69636776
126300000,2.149177538,12.17867272,17.90981282,1.432785026,19.7007941
126400000,2.149659864,12.1814059,17.9138322,1.433106576,19.70521542
126500000,2.150141643,12.18413598,17.91784703,1.433427762,19.70963173
126600000,2.150622877,12.18686297,17.9218573,1.433748584,19.71404304
126700000,2.151103565,12.18958687,17.92586304,1.434069044,19.71844935
126800000,2.15158371,12.19230769,17.92986425,1.43438914,19.72285068
126900000,2.152063313,12.19502544,17.93386094,1.434708875,19.72724703
127000000,2.152542373,12.19774011,17.93785311,1.435028249,19.73163842
127100000,2.153020892,12.20045172,17.94184077,1.435347261,19.73602484
127200000,2.153498871,12.20316027,17.94582393,1.435665914,19.74040632
127300000,2.153976311,12.20586576,17.94980259,1.435984208,19.74478285
127400000,2.154453213,12.20856821,17.95377678,1.436302142,19.74915445
127500000,2.154929577,12.21126761,17.95774648,1.436619718,19.75352113
127600000,2.155405405,12.21396396,17.96171171,1.436936937,19.75788288
127700000,2.155880698,12.21665729,17.96567248,1.437253799,19.76223973
127800000,2.156355456,12.21934758,17.9696288,1.437570304,19.76659168
127900000,2.15682968,12.22203485,17.97358066,1.437886453,19.77093873
128000000,2.157303371,12.2247191,17.97752809,1.438202247,19.7752809
128100000,2.15777653,12.22740034,17.98147108,1.438517687,19.77961819
128200000,2.158249158,12.23007856,17.98540965,1.438832772,19.78395062
128300000,2.158721256,12.23275379,17.9893438,1.439147504,19.78827818
128400000,2.159192825,12.23542601,17.99327354,1.439461883,19.7926009
128500000,2.159663866,12.23809524,17.99719888,1.43977591,19.79691877
128600000,2.160134378,12.24076148,18.00111982,1.440089586,19.8012318
128700000,2.160604365,12.24342473,18.00503637,1.44040291,19.80554001
128800000,2.161073826,12.24608501,18.00894855,1.440715884,19.8098434
128900000,2.161542761,12.24874231,18.01285634,1.441028508,19.81414198
129000000,2.162011173,12.25139665,18.01675978,1.441340782,19.81843575
129100000,2.162479062,12.25404802,18.02065885,1.441652708,19.82272473
129200000,2.162946429,12.25669643,18.02455357,1.441964286,19.82700893
129300000,2.163413274,12.25934189,18.02844395,1.442275516,19.83128834
129400000,2.163879599,12.26198439,18.03232999,1.442586399,19.83556299
129500000,2.164345404,12.26462396,18.0362117,1.442896936,19.83983287
129600000,2.16481069,12.26726058,18.04008909,1.443207127,19.844098
129700000,2.165275459,12.26989427,18.04396216,1.443516973,19.84835838
129800000,2.165739711,12.27252503,18.04783092,1.443826474,19.85261402
129900000,2.166203446,12.27515286,18.05169539,1.444135631,19.85686492
130000000,2.166666667,12.27777778,18.05555556,1.444444444,19.86111111
130100000,2.167129373,12.28039978,18.05941144,1.444752915,19.86535258
130200000,2.167591565,12.28301887,18.06326304,1.445061043,19.86958935
130300000,2.168053245,12.28563505,18.06711037,1.44536883,19.87382141
130400000,2.168514412,12.28824834,18.07095344,1.445676275,19.87804878
130500000,2.168975069,12.29085873,18.07479224,1.44598338,19.88227147
130600000,2.169435216,12.29346622,18.0786268,1.446290144,19.88648948
130700000,2.169894853,12.29607084,18.08245711,1.446596569,19.89070282
130800000,2.170353982,12.29867257,18.08628319,1.446902655,19.8949115
130900000,2.170812604,12.30127142,18.09010503,1.447208402,19.89911553
131000000,2.171270718,12.3038674,18.09392265,1.447513812,19.90331492
131100000,2.171728327,12.30646052,18.09773606,1.447818885,19.90750966
131200000,2.17218543,12.30905077,18.10154525,1.44812362,19.91169978
131300000,2.17264203,12.31163817,18.10535025,1.44842802,19.91588527
131400000,2.173098126,12.31422271,18.10915105,1.448732084,19.92006615
131500000,2.173553719,12.31680441,18.11294766,1.449035813,19.92424242
131600000,2.174008811,12.31938326,18.11674009,1.449339207,19.9284141
131700000,2.174463401,12.32195927,18.12052834,1.449642267,19.93258118
131800000,2.174917492,12.32453245,18.12431243,1.449944994,19.93674367
131900000,2.175371083,12.3271028,18.12809236,1.450247389,19.94090159
132000000,2.175824176,12.32967033,18.13186813,1.450549451,19.94505495
132100000,2.176276771,12.33223504,18.13563976,1.450851181,19.94920373
132200000,2.176728869,12.33479693,18.13940724,1.45115258,19.95334797
132300000,2.177180472,12.33735601,18.1431706,1.451453648,19.95748766
132400000,2.177631579,12.33991228,18.14692982,1.451754386,19.96162281
132500000,2.178082192,12.34246575,18.15068493,1.452054795,19.96575342
132600000,2.178532311,12.34501643,18.15443593,1.452354874,19.96987952
132700000,2.178981938,12.34756431,18.15818281,1.452654625,19.97400109
132800000,2.179431072,12.35010941,18.1619256,1.452954048,19.97811816
132900000,2.179879716,12.35265172,18.1656643,1.453253144,19.98223073
133000000,2.180327869,12.35519126,18.16939891,1.453551913,19.9863388
133100000,2.180775532,12.35772802,18.17312944,1.453850355,19.99044238
133200000,2.181222707,12.36026201,18.1768559,1.454148472,19.99454148
133300000,2.181669394,12.36279324,18.18057829,1.454446263,19.99863612
133400000,2.182115594,12.3653217,18.18429662,1.45474373,20.00272628
133500000,2.182561308,12.36784741,18.1880109,1.455040872,20.00681199
133600000,2.183006536,12.37037037,18.19172113,1.455337691,20.01089325
133700000,2.183451279,12.37289058,18.19542733,1.455634186,20.01497006
133800000,2.183895539,12.37540805,18.19912949,1.455930359,20.01904244
133900000,2.184339315,12.37792278,18.20282762,1.45622621,20.02311039
134000000,2.184782609,12.38043478,18.20652174,1.456521739,20.02717391
134100000,2.185225421,12.38294405,18.21021184,1.456816947,20.03123303
134200000,2.185667752,12.3854506,18.21389794,1.457111835,20.03528773
134300000,2.186109604,12.38795442,18.21758003,1.457406403,20.03933804
134400000,2.186550976,12.39045553,18.22125813,1.457700651,20.04338395
134500000,2.18699187,12.39295393,18.22493225,1.45799458,20.04742547
134600000,2.187432286,12.39544962,18.22860238,1.458288191,20.05146262
134700000,2.187872225,12.39794261,18.23226854,1.458581483,20.0554954
134800000,2.188311688,12.4004329,18.23593074,1.458874459,20.05952381
134900000,2.188750676,12.4029205,18.23958897,1.459167117,20.06354786
135000000,2.189189189,12.40540541,18.24324324,1.459459459,20.06756757
135100000,2.189627229,12.40788763,18.24689357,1.459751486,20.07158293
135200000,2.190064795,12.41036717,18.25053996,1.460043197,20.07559395
135300000,2.190501889,12.41284404,18.25418241,1.460334593,20.07960065
135400000,2.190938511,12.41531823,18.25782093,1.460625674,20.08360302
135500000,2.191374663,12.41778976,18.26145553,1.460916442,20.08760108
135600000,2.191810345,12.42025862,18.26508621,1.461206897,20.09159483
135700000,2.192245557,12.42272482,18.26871298,1.461497038,20.09558428
135800000,2.192680301,12.42518837,18.27233584,1.461786868,20.09956943
135900000,2.193114578,12.42764927,18.27595481,1.462076385,20.1035503
136000000,2.193548387,12.43010753,18.27956989,1.462365591,20.10752688
136100000,2.19398173,12.43256314,18.28318109,1.462654487,20.11149919
136200000,2.194414608,12.43501611,18.2867884,1.462943072,20.11546724
136300000,2.194847021,12.43746645,18.29039184,1.463231347,20.11943103
136400000,2.19527897,12.43991416,18.29399142,1.463519313,20.12339056
136500000,2.195710456,12.44235925,18.29758713,1.463806971,20.12734584
136600000,2.196141479,12.44480171,18.30117899,1.464094319,20.13129689
136700000,2.196572041,12.44724156,18.30476701,1.46438136,20.13524371
136800000,2.197002141,12.4496788,18.30835118,1.464668094,20.1391863
136900000,2.197431782,12.45211343,18.31193151,1.464954521,20.14312467
137000000,2.197860963,12.45454545,18.31550802,1.465240642,20.14705882
137100000,2.198289685,12.45697488,18.31908071,1.465526456,20.15098878
137200000,2.198717949,12.45940171,18.32264957,1.465811966,20.15491453
137300000,2.199145755,12.46182595,18.32621463,1.46609717,20.15883609
137400000,2.199573106,12.4642476,18.32977588,1.46638207,20.16275347
137500000,2.2,12.46666667,18.33333333,1.466666667,20.16666667
137600000,2.200426439,12.46908316,18.33688699,1.466950959,20.17057569
137700000,2.200852424,12.47149707,18.34043687,1.467234949,20.17448055
137800000,2.201277955,12.47390841,18.34398296,1.467518637,20.17838126
137900000,2.201703034,12.47631719,18.34752528,1.467802022,20.18227781
138000000,2.20212766,12.4787234,18.35106383,1.468085106,20.18617021
138100000,2.202551834,12.48112706,18.35459862,1.468367889,20.19005848
138200000,2.202975558,12.48352816,18.35812965,1.468650372,20.19394261
138300000,2.203398832,12.48592671,18.36165693,1.468932554,20.19782262
138400000,2.203821656,12.48832272,18.36518047,1.469214437,20.20169851
138500000,2.204244032,12.49071618,18.36870027,1.469496021,20.20557029
138600000,2.20466596,12.4931071,18.37221633,1.469777306,20.20943796
138700000,2.20508744,12.4954955,18.37572867,1.470058294,20.21330154
138800000,2.205508475,12.49788136,18.37923729,1.470338983,20.21716102
138900000,2.205929063,12.50026469,18.38274219,1.470619375,20.22101641
139000000,2.206349206,12.5026455,18.38624339,1.470899471,20.22486772
139100000,2.206768905,12.5050238,18.38974088,1.47117927,20.22871497
139200000,2.207188161,12.50739958,18.39323467,1.471458774,20.23255814
139300000,2.207606973,12.50977285,18.39672478,1.471737982,20.23639725
139400000,2.208025343,12.51214361,18.40021119,1.472016895,20.24023231
139500000,2.208443272,12.51451187,18.40369393,1.472295515,20.24406332
139600000,2.208860759,12.51687764,18.407173,1.47257384,20.2478903
139700000,2.209277807,12.51924091,18.41064839,1.472851871,20.25171323
139800000,2.209694415,12.52160169,18.41412013,1.47312961,20.25553214
139900000,2.210110585,12.52395998,18.4175882,1.473407056,20.25934702
140000000,2.210526316,12.52631579,18.42105263,1.473684211,20.26315789
