Longitude,Latitude,ElevationBottom
-88.782673497653,33.2715918997535,-1.9
-88.7826643171426,33.2716073166647,-1.9
-88.7826565243404,33.2716203793694,-2
-88.7826583049048,33.2716351659458,-2
-88.7826615319156,33.2716547789476,-2.1
-88.7826655518291,33.2716729527721,-2.1
-88.7826790245338,33.2716901960348,-2.1
-88.7826974823694,33.2716973662515,-2.1
-88.7827164062303,33.2716939490042,-2.1
-88.7827368600963,33.2716905416143,-2.1
-88.7827563127587,33.2716833996941,-2.1
-88.7827800130596,33.2716734282926,-2.1
-88.7828073381994,33.2716615295844,-2
-88.7828378179852,33.2716492979218,-2.1
-88.7828695229402,33.2716414824867,-2.1
-88.7829015448478,33.2716366125582,-2
-88.7829322840773,33.2716337400032,-2
-88.7829663273874,33.2716308338674,-2
-88.7829976857051,33.2716382279158,-2
-88.7830287158242,33.2716412223576,-2
-88.7830597580223,33.2716441980751,-2
-88.7830903337898,33.2716432457604,-2
-88.7831243700144,33.2716414391115,-2
-88.7831585688145,33.271639626356,-2
-88.7831929327381,33.2716378083664,-2
-88.7832272137069,33.2716324910322,-1.9
-88.7832549203813,33.2716217883074,-1.9
-88.7832859331277,33.2716115689965,-1.9
-88.7833202592017,33.2716063003134,-1.9
-88.7833512111155,33.271604795203,-1.9
-88.7833811839906,33.2716033162306,-1.9
-88.7834157582277,33.2716018031336,-2
-88.7834485587502,33.2716003031056,-2
-88.7834764770582,33.2715957109769,-2
-88.7835056877404,33.2715855263601,-2
-88.7835333149999,33.2715753298724,-2
-88.7835653134603,33.271564104225,-2
-88.7835962643471,33.2715527269927,-2
-88.7836268699298,33.2715397514022,-2
-88.783655116377,33.2715302687746,-2
-88.7836885539724,33.271522937159,-2
-88.7837194914902,33.2715173735957,-2
-88.7837463489641,33.271506342721,-2
-88.7837701986061,33.2714900247732,-2
-88.7837956504255,33.2714703594615,-2
-88.7838200784599,33.2714549519886,-1.9
-88.7838484861604,33.2714408722769,-2
-88.7838790337552,33.2714364928304,-1.9
-88.7839104354407,33.2714312306677,-2
-88.783941360452,33.2714231719496,-2
-88.7839670207503,33.2714094952168,-2
-88.7839881689581,33.2713911736202,-1.9
-88.7840087199723,33.2713716001314,-1.9
-88.7840299003453,33.2713548303475,-1.9
-88.7840556257838,33.2713402069961,-1.9
-88.7840865057534,33.2713277934665,-1.9
-88.7841139636036,33.2713135591437,-1.9
-88.784142645431,33.2713004580814,-1.9
-88.7841692244696,33.2712868850497,-1.9
-88.7841961062363,33.2712684960019,-1.9
-88.7842210770788,33.2712510651891,-1.9
-88.7842488248366,33.2712369858902,-1.9
-88.7842830598137,33.2712358897503,-1.9
-88.7843108011721,33.2712213364788,-1.9
-88.7843450888067,33.2712169784774,-1.9
-88.7843724716454,33.2712095332289,-1.9
-88.7843981951161,33.2711969741659,-1.9
-88.7844238914358,33.2711835645003,-1.8
-88.7844514945335,33.2711667863324,-1.9
-88.7844790403097,33.2711495903756,-1.9
-88.7845046707679,33.2711360226872,-1.9
-88.7845347846315,33.2711268610801,-1.8
-88.7845665036491,33.271118131979,-1.9
-88.7845974764072,33.2711084296083,-1.9
-88.7846245939316,33.2710971836619,-1.8
-88.7846502962236,33.2710821624627,-1.9
-88.7846807279444,33.2710729673139,-1.9
-88.7847055734958,33.271073077645,-1.9
-88.7847305586897,33.2710754953978,-1.8
-88.7847561942169,33.2710779155013,-1.9
-88.7847793257143,33.2710810017883,-1.9
-88.784802421084,33.2710843874007,-1.9
-88.7848229050587,33.2710767146985,-1.9
-88.7848393314062,33.2710682397281,-1.9
-88.7848548785757,33.2710575146623,-1.9
-88.7848680956966,33.2710435789566,-1.9
-88.784881573106,33.2710292966047,-1.9
-88.7848963949842,33.271015666815,-1.8
-88.7849159598996,33.2710068388841,-1.8
-88.7849339257658,33.2710047109914,-1.8
-88.7849576984347,33.2710077218087,-1.9
-88.7849866092262,33.2710107093764,-1.8
-88.7850171889888,33.2710090581499,-1.9
-88.7850489859268,33.2710071333928,-1.9
-88.7850800645611,33.2710052289254,-1.9
-88.7851078362597,33.2710033189244,-1.9
-88.7851356440229,33.2709981502713,-2
-88.7851611242468,33.2709910184208,-2
-88.7851843934586,33.270980024442,-2
-88.7852071569115,33.2709676962298,-1.9
-88.7852281313565,33.2709543413881,-1.9
-88.7852495097104,33.2709359275402,-1.9
-88.7852712265038,33.2709215849,-1.9
-88.7852916230218,33.2709070585713,-1.9
-88.7853150452548,33.270897330266,-0.8
-88.785338124644,33.2708867677154,-1.9
-88.7853647315551,33.2708774756263,-1.9
-88.7853882825967,33.2708689618552,-1.9
-88.7854079170347,33.2708562247758,-1.9
-88.7854266766697,33.2708418052412,-1.9
-88.7854483887355,33.270832159404,-1.9
-88.7854691453951,33.2708276643234,-1.9
-88.7854924260922,33.2708246697379,-2
-88.78551396732,33.2708210489154,-1.9
-88.7855377502838,33.2708149906123,-1.9
-88.7855634072218,33.2708073253524,-1.9
-88.7855823935635,33.270793318679,-2
-88.7855967702535,33.2707790238087,-2
-88.7856143608793,33.2707623378813,-1.9
-88.7856340188131,33.2707477565005,-1.9
-88.7856552554897,33.270732233674,-1.9
-88.7856835115279,33.2707278355071,-1.9
-88.7857110272471,33.2707245277516,-1.9
-88.7857366322098,33.2707316648833,-1.9
-88.7857642140102,33.2707293638688,-1.9
-88.7857875419282,33.2707270783196,-1.9
-88.7858120203971,33.2707247993984,-2
-88.7858316192428,33.2707190859821,-2
-88.7858469422051,33.2707109494108,-2
-88.7858573440142,33.2707014810483,-1.9
-88.7858648699232,33.270687215053,-2
-88.7858750503447,33.2706716927874,-2
-88.7858854192114,33.2706562052761,-1.9
-88.785897612239,33.2706445990463,-1.9
-88.7859158069742,33.2706348552631,-1.9
-88.7859342537941,33.2706223331117,-1.9
-88.7859509796359,33.2706091820752,-1.9
-88.7859696602535,33.2705890865951,-1.9
-88.7859846344144,33.270571179522,-1.9
-88.7860011107129,33.2705538137863,-1.9
-88.7860210767884,33.2705415121853,-1.9
-88.7860420473856,33.270532185639,-1.9
-88.7860651092107,33.2705222780011,-1.9
-88.7860848141367,33.2705086741557,-1.9
-88.7860999159939,33.2704917965941,-1.9
-88.7861132114704,33.2704737220427,-1.9
-88.7861228925791,33.2704544792818,-1.9
-88.7861341877314,33.2704347064985,-1.9
-88.786145922607,33.2704151238929,-1.9
-88.7861652497587,33.2704050237526,-1.9
-88.7861852831911,33.2703997794576,-1.9
-88.7862061396483,33.2704044218709,-1.9
-88.7862297924046,33.2704097628207,-1.9
-88.7862516224587,33.2704156370289,-1.9
-88.7862736533246,33.2704212132107,-1.9
-88.7862993485855,33.2704265679669,-1.9
-88.7863225553088,33.2704235573291,-1.9
-88.7863442146718,33.2704163132667,-1.9
-88.7863654281599,33.2704096896423,-1.8
-88.7863910542167,33.2704012017474,-1.8
-88.7864139501764,33.2703923510644,-1.8
-88.7864396315903,33.2703949098429,-1.8
-88.7864623830925,33.2703977793256,-1.8
-88.7864861218616,33.270404334581,-1.8
-88.7865075508616,33.2704140172012,-1
-88.7865261621694,33.2704271272096,-0.8
-88.7865446048263,33.2704384166822,-1.8
-88.7865634412464,33.2704503607659,-1.7
-88.7865800014426,33.2704627358263,-1.8
-88.7865960867404,33.2704732959103,-1.8
-88.7866130728031,33.2704803494416,-1.8
-88.7866309000582,33.2704872241391,-1.8
-88.7866456261958,33.2704999204733,-1.8
-88.7866592989016,33.2705162211866,-1.8
-88.7866673852335,33.2705307697468,-1.8
-88.7866731088237,33.2705473624559,-1.8
-88.7866775264185,33.2705669853025,-1.9
-88.7866862817222,33.2705882915733,-1.9
-88.7867023138661,33.2706036524961,-1.9
-88.7867227320006,33.2706126660779,-1.9
-88.7867461911194,33.2706188082024,-1.9
-88.7867746091558,33.2706219799588,-1.8
-88.7868055853249,33.2706250821392,-1.8
-88.7868331548126,33.2706330034646,-1.8
-88.7868608082078,33.2706436437754,-1.4
-88.786890893164,33.2706595123579,-1.8
-88.7869165106367,33.2706749720995,-1.8
-88.7869382707963,33.270698384926,-1.8
-88.78695361464,33.2707220983549,-1.8
-88.7869629950628,33.2707460959249,-1.9
-88.7869657761816,33.2707693946622,-1.9
-88.7869620201632,33.2707961597969,-1.9
-88.7869582929128,33.2708200230721,-1.9
-88.7869605410658,33.2708427546435,-1.9
-88.7869628164757,33.2708689660392,-1.9
-88.7869650853439,33.2708954212878,-1.9
-88.7869675319781,33.2709214920206,-1.9
-88.7869769568888,33.270949769728,-1.9
-88.786990238194,33.2709778575592,-1.9
-88.7869997158753,33.2710067522623,-2
-88.7870064138367,33.2710363643163,-2
-88.7870123757734,33.2710646166931,-1.9
-88.7870194324566,33.2710924368458,-2
-88.7870298575348,33.271120023369,-2
-88.7870408204781,33.2711394811349,-2
-88.7870562537827,33.2711524318826,-2
-88.7870730574389,33.2711639007027,-2
-88.7870899848054,33.2711737717637,-1.9
-88.7871070091288,33.2711825262619,-1.9
-88.787122466149,33.2711959582158,-1.9
-88.7871310515369,33.2712157362188,-1.9
-88.7871401680468,33.2712342600101,-1.9
-88.7871512805134,33.2712498462276,-1.9
-88.7871624348942,33.2712652976223,-1.8
-88.7871760184989,33.2712829411572,-1.6
-88.7871887683,33.2713002856374,-1.9
-88.787198995866,33.2713161156424,-1.9
-88.7872077338914,33.271331539982,-1.9
-88.7872135365613,33.2713487443606,-1.9
-88.7872184459583,33.2713672306207,-2
-88.7872233281992,33.2713854568211,-2
-88.7872282299369,33.2714028623097,-2
-88.7872336586722,33.2714216576596,-2
-88.7872385879207,33.2714420420614,-2.1
-88.7872428675007,33.2714607093129,-2
-88.7872491267308,33.2714800010201,-2
-88.7872605731102,33.2714906873845,-2
-88.7872751917809,33.2715024252823,-2
-88.7872884587034,33.2715168635917,-2
-88.7873015731859,33.2715337652317,-1.9
-88.7873093221491,33.2715524893558,-2
-88.7873178065312,33.2715684061523,-2
-88.787325724026,33.2715839421411,-2
-88.787329774074,33.2715994456356,-2
-88.787333371667,33.2716155973216,-2
-88.7873377780721,33.2716331541735,-2
-88.7873436132218,33.2716506161309,-2
-88.7873543107919,33.2716689660286,-2
-88.78736647595,33.271689996169,-2
-88.7873768179279,33.2717111010323,-2
-88.7873864759709,33.2717286076111,-2
-88.78739634282,33.2717458614282,-2
-88.787406601603,33.2717628236977,-2
-88.7874170057131,33.2717814167075,-2
-88.7874272062842,33.2717978178241,-2
-88.7874352659936,33.2718115404101,-2
-88.7874420079364,33.2718271206693,-2
-88.7874467646184,33.271845257221,-2
-88.787450947247,33.2718645736186,-2
-88.787455937359,33.2718840189925,-2
-88.7874613296729,33.2719035365513,-2
-88.7874647215182,33.271923399812,-2
-88.7874680987785,33.2719427249713,-2
-88.7874717709811,33.2719622075839,-2
-88.7874761932823,33.271981760352,-1.9
-88.7874808478232,33.2720024830926,-1.9
-88.7874859379928,33.2720225078906,-1.9
-88.787491882102,33.2720436813326,-2
-88.7874982639493,33.2720672890382,-2
-88.7875034540111,33.2720888953897,-1.9
-88.7875085706137,33.2721120453567,-1.9
-88.7875137132105,33.2721352015799,-1.9
-88.787518700453,33.2721585667158,-1.9
-88.7875236660111,33.2721819929651,-1.9
-88.7875287636138,33.2722059011566,-2
-88.7875342339355,33.2722294243001,-2
-88.7875421748665,33.2722521715436,-2
-88.7875530360036,33.2722689032472,-1.9
-88.7875662276628,33.2722893161853,-2
-88.7875828390175,33.2723071610224,-1.9
-88.7875966775564,33.2723276012749,-2
-88.7876075813466,33.272349963536,-1.9
-88.787619068907,33.2723745258008,-2
-88.7876320028593,33.2723944406579,-1.9
-88.7876464177159,33.2724151797341,-1.9
-88.78765977066,33.2724349317675,-1.9
-88.7876756162133,33.2724507763486,-2
-88.7876938704341,33.2724663675571,-1.9
-88.7877111250096,33.2724893237033,-1.9
-88.7877253571339,33.2725108521154,-2
-88.7877341362581,33.2725286689389,-1.9
-88.7877402055584,33.2725502215094,-1.9
-88.7877453909351,33.2725709123756,-2
-88.7877520343411,33.2725928494873,-2
-88.7877629423952,33.2726136406375,-2.1
-88.7877765654597,33.2726301997361,-2.1
-88.7877931062517,33.2726437384934,-2
-88.787816798488,33.2726462853425,-2
-88.7878434608522,33.2726428617132,-2
-88.7878684577759,33.2726414527251,-1.9
-88.7878886673955,33.2726432317999,-1.9
-88.7879153177282,33.2726450151783,-1.9
-88.7879407004935,33.2726468192136,-2
-88.7879661689025,33.2726496203047,-1.9
-88.7879907252676,33.2726569973766,-1.9
-88.7880163481141,33.2726629245653,-1.9
-88.7880477286577,33.2726589193002,-1.8
-88.7880803315692,33.2726566989021,-1.8
-88.7881086900748,33.2726589393435,-1.7
-88.7881320382322,33.27266119052,-1.8
-88.7881549974428,33.2726634084174,-1.8
-88.7881746536172,33.2726705791531,-1.7
-88.7881900184487,33.2726838691118,-1.6
-88.7882019516029,33.272702781948,-1.7
-88.7882137414812,33.2727226653149,-1.6
-88.7882273208978,33.272737416374,-1.7
-88.788241977339,33.2727573911056,-1.7
-88.7882603022282,33.272771499512,-1.9
-88.788278764408,33.2727797570089,-1.9
-88.7883044785281,33.2727867498481,-1.9
-88.788330127301,33.2727894175843,-1.9
-88.7883532177749,33.2727843508949,-1.9
-88.7883794067993,33.2727862838127,-1.8
-88.7884072248312,33.2727881825113,-1.8
-88.7884344877265,33.2727900923081,-1.6
-88.7884596807354,33.2727929443636,-1.7
-88.7884832748579,33.2728017181791,-1.8
-88.7885037975776,33.2728147131533,-1.7
-88.7885195684559,33.2728289782857,-1.8
-88.788537763985,33.2728478649936,-1.9
-88.7885577937829,33.2728621473525,-1.9
-88.788578313458,33.2728726116904,-1.9
-88.7885991479774,33.2728825401983,-1.9
-88.7886196146894,33.272893711766,-1.9
-88.7886355539888,33.2729065855778,-1.9
-88.7886464685969,33.2729173681391,-1.9
-88.7886538915083,33.2729185269896,-1.9
-88.7886539210794,33.2729163976781,-1.9
-88.7886509460501,33.2729142978979,-1.9
-88.7886479580358,33.2729115752819,-1.9
-88.7886426464694,33.2729037767357,-1.8
-88.7886355572511,33.2728965157372,-1.9
-88.7886255519542,33.2728922255773,-1.9
-88.788609021093,33.2728935889724,-1.9
-88.788595668053,33.2728877916773,-2
-88.7885807363035,33.2728842533232,-2
-88.7885698110796,33.2728784735856,-2
-88.7885552211536,33.2728675845234,-1.9
-88.7885452674874,33.2728727525514,-1.9
-88.7885345394676,33.2728737666638,-1.9
-88.7885212999887,33.2728723094043,-1.9
-88.7885102429794,33.2728708535474,-1.9
-88.7885038617507,33.2728693948854,-2.2
-88.7885067051485,33.272867927808,-0.7
-88.788509507771,33.2728646336496,-2.1
-88.7885123171894,33.2728588796639,-1.9
-88.7885208619033,33.2728503086473,-1.9
-88.7885371335938,33.2728512683591,-1.9
-88.7885528975818,33.2728424136172,-1.9
-88.7885683365031,33.2728379043764,-1.9
-88.7885837832838,33.2728417867171,-1.9
-88.7885972797752,33.2728464742495,-1.9
-88.7886118288585,33.2728538611134,-1.9
-88.7886233496724,33.272863865536,-1.9
-88.788630695183,33.2728725558383,-1.9
-88.7886356787419,33.2728822360195,-1.9
-88.7886343119441,33.272892227279,-1.9
-88.7886229134142,33.2729033362251,-1.9
-88.7886122552348,33.2729134541866,-1.9
-88.78860351106,33.2729264581741,-1.9
-88.7885893289107,33.2729374558026,-1.9
-88.7885723205543,33.2729466271203,-2
-88.7885567574661,33.2729547429535,-2
-88.7885396814576,33.2729633076288,-2
-88.7885252384515,33.272971333234,-1.9
-88.7885132551967,33.2729805959013,-2
-88.7885144331817,33.2729914534102,-2
-88.788516696469,33.2730046242732,-2.1
-88.7885190026257,33.2730187713919,-2
-88.7885212999887,33.2730331512846,-2
-88.788535363505,33.2730493071852,-1.9
-88.7885479662572,33.2730657592083,-1.9
-88.7885631740047,33.2730755463905,-2
-88.7885786300408,33.2730854540039,-1.9
-88.7885961655609,33.2730944117486,-1.9
-88.7886146515225,33.2731049877927,-2.1
-88.7886325514917,33.2731155431855,-1.5
-88.788650899066,33.2731263184208,-2
-88.7886713608589,33.2731366828876,-2
-88.7886960933246,33.2731444324463,-2
-88.7887164074629,33.2731545074752,-1.9
-88.7887388734081,33.2731648544511,-2
-88.7887592815719,33.2731730584223,-1.9
-88.78878012448,33.2731750750442,-2
-88.7888046003681,33.2731725691088,-2
-88.7888370338672,33.2731700558851,-2
-88.7888626463616,33.2731668557133,-2
-88.7888870930352,33.273163144159,-1.9
-88.7889114341902,33.2731585704343,-2
-88.788932998135,33.273152965751,-1.9
-88.7889537079474,33.2731442477766,-1.9
-88.7889723401606,33.2731354770894,-1.9
-88.7889924127153,33.2731267672178,-1.9
-88.789011140029,33.2731164497433,-2
-88.78903138008,33.2731047661039,-2
-88.7890577648339,33.2730962670853,-1.9
-88.7890777390785,33.2730869323994,-1.6
-88.7891012709871,33.2730805987342,-1.9
-88.7891201710975,33.273073571776,-1.9
-88.789139139781,33.2730652081402,-1.8
-88.7891554856184,33.2730548442831,-1.8
-88.7891724857675,33.2730459361114,-1.8
-88.7891924174311,33.2730346117536,-1.8
-88.7892169917954,33.2730249044009,-1.8
-88.789235405691,33.273018396185,-1.8
-88.7892542117559,33.2730197609609,-1.8
-88.7892765952845,33.2730215420967,-1.8
-88.7892997842783,33.2730233283902,-1.8
-88.7893227515361,33.2730251232799,-1.8
-88.7893432305925,33.2730294238625,-1.7
-88.7893649622797,33.2730349229239,-1.7
-88.7893876252954,33.2730411479825,-1.7
-88.7894093335801,33.2730453046617,-1.5
-88.7894315479642,33.2730505209944,-1.9
-88.7894555111145,33.2730578190271,-1.9
-88.7894811812357,33.2730630551156,-1.8
-88.7895064706097,33.2730706748093,-1.8
-88.7895306548289,33.2730859715652,-1.8
-88.789557341426,33.2730803913312,-1.9
-88.7895832225964,33.2730737765125,-1.9
-88.7896090142804,33.2730682480669,-1.9
-88.7896344717313,33.2730638140079,-2
-88.7896621154981,33.273061189314,-2
-88.7896896340617,33.2730587745784,-2
-88.7897153739223,33.2730563197935,-2
-88.7897410366194,33.2730593705914,-2
-88.7897687271423,33.2730611294812,-2
-88.7897916897766,33.2730579496009,-2
-88.7898181402635,33.2730611748149,-1.8
-88.7898429742471,33.2730644326451,-1.8
-88.7898636016414,33.2730678112674,-1.7
-88.789884748458,33.2730717286703,-1.8
-88.7899056710009,33.2730798384879,-1.8
-88.7899250872319,33.2730884335895,-1.9
-88.789942708973,33.2730940191125,-1.9
-88.7899637566188,33.2730954694411,-1.9
-88.7899854962725,33.2730968967708,-1.8
-88.7900047100747,33.2730983415239,-1.9
-88.7900282922976,33.2730997681566,-1.8
-88.790050978576,33.2731020147084,-1.9
-88.7900710324835,33.2731110409584,-1.8
-88.7900914132026,33.2731208538285,-1.6
-88.7901116707631,33.2731327961195,-1.7
-88.7901250393277,33.2731424772112,-1.7
-88.7901371274621,33.2731542773214,-1.6
-88.790148664779,33.2731665794737,-1.7
-88.7901580919011,33.2731824461267,-1.6
-88.7901651522582,33.2731991577721,-1.6
-88.7901610275361,33.2732152499448,-1.7
-88.7901547554766,33.2732317541502,-1.6
-88.7901496059734,33.2732434910362,-1.7
-88.7901487689562,33.2732570500373,-1.7
-88.7901517825779,33.2732668421693,-1.9
-88.7901547758766,33.2732792026678,-1.8
-88.7901603262932,33.2732962205464,-1.7
-88.7901699338325,33.2733240722606,-1.6
-88.7901786582885,33.2733505683207,-1.7
-88.7901894133333,33.2733699605244,-1.6
-88.7902010834553,33.2733894331483,-1.7
-88.7902124044804,33.2734089650826,-1.6
-88.7902199121169,33.2734251053912,-1.7
-88.790230909899,33.2734420554433,-1.8
-88.7902455933021,33.2734566315063,-1.7
-88.7902578101779,33.2734734341073,-1.7
-88.7902656797966,33.2734918188879,-1.7
-88.7902826575024,33.2735099089871,-1.7
-88.7902978805596,33.2735289701537,-1.7
-88.7903230300467,33.2735496619958,-1.7
-88.7903421988205,33.2735652000565,-1.7
-88.7903640830458,33.2735808608665,-1.7
-88.7903825092626,33.2735944136701,-1.7
-88.7903958147555,33.2736055824691,-1.7
-88.790411426728,33.2736220501171,-1.7
-88.7904250078678,33.2736377959011,-1.8
-88.7904343915345,33.2736535288077,-1.7
-88.7904416599839,33.2736729028438,-1.7
-88.790440995236,33.2736880643822,-1.7
-88.7904373983136,33.2737031805719,-1.7
-88.7904327713215,33.2737201580208,-1.6
-88.790424615509,33.2737361500946,-1.7
-88.7904093296531,33.2737499951982,-1.7
-88.7903875965398,33.2737644903019,-1.8
-88.7903721497303,33.2737751716269,-1.7
-88.7903566265598,33.2737823028857,-1.7
-88.7903394665308,33.2737889099134,-1.6
-88.7903243442847,33.2737937929696,-1.6
-88.7903141626893,33.2737995357029,-0.9
-88.7903066025559,33.2738057682461,-1.7
-88.7902987701514,33.2738151918593,-1.7
-88.7902936631159,33.2738297676196,-1.7
-88.7902871273241,33.2738431111418,-1.7
-88.7902779603238,33.2738556348516,-1.5
-88.7902674069677,33.2738698731019,-1.8
-88.7902549802511,33.2738843736197,-1.8
-88.790244544547,33.2738996438052,-1.8
-88.7902300806897,33.2739155948705,-1.9
-88.7902167634016,33.273931091668,-1.8
-88.7902082873576,33.2739526136701,-1.8
-88.7901921006561,33.2739698693212,-1.8
-88.7901737327334,33.2739828897184,-1.6
-88.7901583598271,33.2739971628075,-1.7
-88.7901441744635,33.2740116301972,-1.9
-88.790140200038,33.2740249682898,-1.9
-88.7901434025609,33.2740416906948,-1.8
-88.7901465773164,33.2740568697487,-1.8
-88.7901539327941,33.2740686470698,-2
-88.7901648436888,33.2740830536172,-1.8
-88.7901782336233,33.2740949657032,-1.8
-88.7901914033322,33.2741068801502,-1.9
-88.7902053071057,33.274122624818,-1.9
-88.7902192498284,33.274136936931,-1.9
-88.7902269945183,33.2741506232659,-1.9
-88.7902262457233,33.2741638892683,-1.3
-88.7902241577264,33.2741807713222,-1.8
-88.7902220777526,33.2741947558321,-1.8
-88.7902200007874,33.2742119506422,-1.7
-88.7902200861047,33.2742301953204,-1.8
-88.7902220305748,33.2742480095777,-1.9
-88.7902239461344,33.2742674358151,-1.9
-88.7902258887393,33.2742889302121,-1.9
-88.7902278229509,33.2743107294316,-1.8
-88.7902318285584,33.2743289560308,-1.9
-88.7902360952342,33.2743455422848,-1.9
-88.7902437148026,33.274367161035,-1.9
-88.7902527123605,33.2743876040029,-1.9
-88.7902614349816,33.2744064680972,-1.9
-88.7902649216994,33.2744236440496,-1.7
-88.7902662953453,33.2744408278192,-1.9
-88.7902676617336,33.2744576657623,-1.8
-88.7902690413174,33.2744766284314,-1.8
-88.7902704169426,33.2744970156923,-1.8
-88.7902717912482,33.2745164037644,-1.9
-88.7902746338925,33.2745363525409,-1.9
-88.790286015329,33.2745531404303,-1.8
-88.7902995000978,33.2745667080808,-1.9
-88.7903141850645,33.2745763204434,-1.6
-88.7903298458767,33.2745817821969,-1.9
-88.7903485119212,33.2745850631751,-2
-88.7903667179343,33.2745869293883,-1.9
-88.7903881047588,33.2745840688928,-1.9
-88.790411385275,33.2745811986249,-2
-88.7904346362368,33.2745777029285,-2
-88.7904580239829,33.2745738295218,-2
-88.790478904826,33.2745711275969,-1.8
-88.7905026880933,33.2745690575325,-1.7
-88.7905257131138,33.2745670291073,-1.7
-88.790548802144,33.2745649838281,-1.8
-88.7905656621276,33.274557380703,-1.9
-88.7905787129157,33.2745466053593,-2
-88.7905909875517,33.2745350882095,-1.9
-88.7906008971374,33.2745208851288,-1.9
-88.7906106661842,33.2745054277291,-2
-88.7906228872293,33.274489921764,-1.9
-88.7906336305447,33.2744723087619,-2
-88.7906466468758,33.274455928949,-1.9
-88.7906588321718,33.2744388738224,-1.8
-88.7906667063107,33.2744215593696,-1.8
-88.7906729138469,33.2744037259724,-1.9
-88.7906796635911,33.2743871530683,-1.9
-88.7906886655887,33.2743700260087,-1.9
-88.7906961752447,33.2743522182317,-1.9
-88.7907004175242,33.2743310116956,-1.8
-88.7906979575973,33.2743132912958,-1.9
-88.7906995724508,33.2742953731506,-1.9
-88.7906932127765,33.2742769272128,-1.9
-88.7906861546168,33.2742592853417,-1.8
-88.7906765982351,33.2742436494427,-1.8
-88.790666222953,33.2742284365671,-1.8
-88.7906549985897,33.2742143410084,-1.8
-88.7906415930127,33.2741985702209,-1.7
-88.7906287386105,33.2741813500969,-1.7
-88.790617091488,33.2741624872047,-1.8
-88.790606210277,33.2741446952106,-1.9
-88.7905992127022,33.2741281256687,-1.8
-88.7906007178851,33.2741105784027,-1.9
-88.7906082873785,33.2740941367105,-1.2
-88.790616004191,33.2740838504416,-1.7
-88.7906260345307,33.2740744594376,-1.8
-88.7906384773837,33.2740612639065,-1.6
-88.7906557761432,33.2740565242192,-1.7
-88.7906694885603,33.2740531082971,-1.7
-88.7906807688901,33.2740541473771,-1.7
-88.7906919010925,33.274057931953,-1.3
-88.7907007470373,33.2740626211142,-1.7
-88.79070282678,33.2740683718355,-1.7
-88.7907005402493,33.2740756491547,-1.7
-88.7906982602953,33.2740812605184,-1.7
-88.790695993495,33.2740763920552,-1.7
-88.7906923518539,33.2740724525413,-1.7
-88.7906879392507,33.2740678930137,-1.7
-88.7906842355077,33.274060055224,-1.7
-88.7906810271429,33.2740538176717,-1.7
-88.7906777892295,33.27405376545,-1.7
-88.7906708950865,33.2740566459423,-1.7
-88.7906638951128,33.2740597213603,-1.8
-88.790657755712,33.2740663695669,-1.8
-88.7906528705362,33.274078738304,-1.8
-88.7906524971833,33.2740920447818,-1.7
-88.7906574650702,33.2741050475343,-1.7
-88.7906642020603,33.2741208072996,-1.7
-88.7906722032067,33.2741406313938,-1.7
-88.7906804168728,33.2741579827777,-1.7
-88.7906886436656,33.2741757261802,-1.7
-88.7906975072977,33.2741957552243,-1.8
-88.7907054868157,33.2742151603879,-1.8
-88.7907138006282,33.2742345649513,-1.8
-88.7907222220317,33.2742530549828,-1.9
-88.79072747398,33.2742701007122,-1.9
-88.7907280937901,33.2742873877237,-1.9
-88.7907214141272,33.2743057087624,-2
-88.7907171655059,33.2743251655211,-1.7
-88.7907128224588,33.2743406453936,-1.8
-88.7907019599586,33.2743561588412,-1.9
-88.7906886870703,33.2743718548589,-1.9
-88.7906764179269,33.2743869626537,-1.9
-88.7906634286351,33.2744014844327,-1.8
-88.7906498251675,33.2744174048658,-1.8
-88.7906366020666,33.2744330872036,-1.8
-88.7906232750218,33.2744473056081,-1.9
-88.7906147356148,33.2744674460142,-1.9
-88.7906055541374,33.2744889483421,-1.9
-88.7906086727504,33.2745100512884,-1.9
-88.7906117659968,33.2745333990639,-1.9
-88.7906152933936,33.274557380703,-1.9
-88.7906204631686,33.2745779964224,-2
-88.7906262440999,33.2745956692858,-1.8
-88.790632971849,33.2746131811298,-2
-88.7906415270878,33.2746303416237,-2
-88.7906527454645,33.2746439756745,-2
-88.7906660415084,33.2746588667006,-1.9
-88.7906793436245,33.2746754888967,-1.9
-88.7906938486798,33.2746902238812,-1.9
-88.7907092923428,33.274707490953,-1.7
-88.7907231460156,33.2747229256105,-1.8
-88.7907375183841,33.274738934587,-2
-88.7907511790713,33.2747545991519,-1.9
-88.7907644843712,33.2747717436764,-1.9
-88.7907779901017,33.2747882420584,-2
-88.7907924324021,33.2748046894572,-1.8
-88.7908043624026,33.2748214771295,-1.8
-88.7908157098852,33.2748398460993,-1.9
-88.7908200051492,33.274858644244,-1.9
-88.7908176931773,33.2748763651228,-1.9
-88.7908154046942,33.2748931716585,-2
-88.790813102789,33.2749086425535,-1.9
-88.7908129314443,33.2749235535244,-1.9
-88.7908149817137,33.2749411678387,-2
-88.7908170509764,33.2749587623042,-2
-88.7908190962476,33.2749753055415,-2
-88.7908217923269,33.2749939261628,-2
-88.7908284430533,33.2750113419706,-2
-88.7908350666104,33.2750252081076,-1.9
-88.7908433785566,33.2750409701272,-1.9
-88.7908563710508,33.2750529357189,-1.9
-88.790870668348,33.2750670165351,-1.9
-88.7908855509768,33.2750801068982,-1.9
-88.7909029915146,33.2750955238983,-1.9
-88.790916443362,33.2751103600061,-1.9
-88.7909317021816,33.2751258307038,-1.9
-88.7909477448203,33.2751412737666,-1.9
-88.7909605671143,33.2751572557074,-1.9
-88.7909692691239,33.2751727122052,-1.8
-88.7909722257847,33.2751899268991,-1.8
-88.7909687748031,33.2752069559756,-1.8
-88.7909653568769,33.2752224874354,-1.8
-88.7909584189857,33.2752369029532,-1.8
-88.7909517011034,33.2752537127471,-1.8
-88.7909461837088,33.2752714166328,-1.8
-88.7909442202759,33.2752913373599,-1.9
-88.790942277491,33.2753088713152,-1.9
-88.7909403131196,33.2753282786453,-1.8
-88.7909383618878,33.2753441947994,-2
-88.7909335912705,33.2753579516188,-2
-88.7909265042503,33.2753712519534,-2
-88.7909148169244,33.2753811685069,-1.3
-88.7909020698071,33.2753866363886,-2
-88.7908877301684,33.2753844744022,-2
-88.7908754231711,33.2753823061523,-2
-88.7908649631687,33.2753801358144,-1.9
-88.7908539676085,33.2753706274348,-2
-88.7908397445731,33.2753631627368,-2
-88.7908193152592,33.2753555865889,-1.9
-88.7908025226985,33.2753377992351,-1.9
-88.7907855257222,33.2753180228835,-1.8
-88.7907669998104,33.2752941400029,-1.3
-88.7907486203286,33.2752735429202,-1.9
-88.7907316228898,33.2752540875058,-1.9
-88.7907146342748,33.275234396692,-1.9
-88.7906961602101,33.2752206672646,-1.6
-88.7906751667284,33.2752084144495,-1.8
-88.7906559915624,33.2751992447531,-1.8
-88.7906362038682,33.2751919837836,-1.9
-88.7906162203487,33.2751884439137,-1.9
-88.7905955000309,33.2751853355049,-1.9
-88.7905738864475,33.2751840167902,-1.9
-88.7905514126275,33.2751847661099,-1.9
-88.7905279939414,33.2751855293466,-1.9
-88.790504552735,33.2751862889209,-1.9
-88.7904830717003,33.2751870393393,-2
-88.7904602609728,33.2751878033085,-1.9
-88.7904371262057,33.2751885661789,-1.9
-88.7904140199761,33.2751893195272,-1.9
-88.7903921849802,33.2751900834963,-1.9
-88.7903697722759,33.2751908379433,-1.9
-88.7903495566956,33.2751945800155,-1.8
-88.7903308103443,33.2752016952571,-1.9
-88.790312007557,33.2752095504806,-2
-88.7902949577542,33.2752178283384,-2
-88.7902784179238,33.2752264357066,-1.9
-88.7902596971603,33.2752350704229,-2
-88.790243436366,33.2752424838819,-2
-88.7902276947641,33.2752414684542,-2
-88.7902138919784,33.2752382330696,-1.9
-88.7901999751042,33.2752336560462,-1.9
-88.7901867239014,33.2752268768993,-1.9
-88.7901755254908,33.2752165469194,-2
-88.7901668809624,33.275205252524,-2
-88.7901584786197,33.275191210772,-1.9
-88.7901508884949,33.2751753853334,-1.9
-88.7901448192833,33.2751610284931,-1.9
-88.7901399285956,33.2751455177113,-1.9
-88.7901360790978,33.2751296295054,-1.9
-88.7901328172917,33.2751114364579,-2
-88.7901295710402,33.2750936490261,-1.9
-88.7901265198484,33.275075879584,-1.9
-88.790123484062,33.2750559068615,-1.9
-88.7901204801398,33.2750382792664,-1.9
-88.7901117317806,33.2750101169405,-1.9
-88.7901034119051,33.2749912492387,-1.9
-88.790095571091,33.2749757251907,-1.9
-88.7900862263829,33.2749585802867,-1.9
-88.7900735058589,33.2749465080766,-2
-88.7900608634499,33.2749388317504,-2
-88.7900479643434,33.2749335897566,-2
-88.7900340484115,33.2749300319107,-2
-88.7900198237294,33.2749264273328,-2
-88.7900010062716,33.2749228531051,-2
-88.7899830922736,33.2749192127694,-1.9
-88.7899650275618,33.274914837082,-1.9
-88.7899482385016,33.2749088137648,-1.9
-88.7899337505544,33.2748987400186,-1.9
-88.7899218681109,33.2748855854081,-1.9
-88.7899091254441,33.2748704931431,-2
-88.789896368238,33.2748541772389,-1.8
-88.7898816930831,33.2748382484043,-1.9
-88.7898646758326,33.27482503103,-1.9
-88.7898423778228,33.2748133702854,-2
-88.7898212312699,33.2748040811563,-2
-88.7897981276667,33.2747965052757,-2.1
-88.7897750569246,33.2747893823848,-1.7
-88.7897494113499,33.2747813541152,-2
-88.7897276244334,33.2747693748019,-2
-88.7897087517035,33.2747550133629,-1.9
-88.7896931601685,33.2747378972385,-1.9
-88.7896776696559,33.2747185404085,-1.8
-88.7896621154981,33.2746991730322,-1.9
-88.7896471679773,33.2746819171237,-1.9
-88.7896312427965,33.2746667142729,-2
-88.7896156655827,33.2746510558563,-2
-88.789599986059,33.2746337132681,-2
-88.7895905334918,33.2746161845091,-2
-88.7895941283423,33.274597772441,-1.9
-88.789597697231,33.2745788954017,-1.9
-88.7896004222353,33.2745595393244,-2
-88.7896024716266,33.2745379914352,-2
-88.7896045629236,33.2745155323468,-2
-88.7896066222925,33.2744932910002,-1.9
-88.7896101656395,33.2744727409175,-2
-88.7896214881652,33.2744542470867,-2
-88.7896348016331,33.2744387420514,-1.9
-88.7896511037482,33.2744253567659,-2
-88.7896717009409,33.2744137604603,-1.8
-88.7896942970483,33.2744043671367,-2
-88.7897172493074,33.2743946134274,-2
-88.7897429606917,33.2743861577865,-1.8
-88.7897679727464,33.2743783872458,-2
-88.7897962434733,33.2743699020586,-1.9
-88.7898238058853,33.2743618381691,-1.8
-88.7898513780887,33.2743533405233,-1.8
-88.7898771238372,33.2743402283201,-1.8
-88.7898991532156,33.2743267863492,-2
-88.7899172458937,33.2743114398988,-2.1
-88.7899293600533,33.2742937732115,-2.1
-88.7899298807114,33.2742744624964,-2
-88.7899276593893,33.2742550211087,-2
-88.7899254509258,33.2742354513307,-2
-88.7899232210314,33.2742118739636,-1.9
-88.789918797494,33.2741861621686,-2
-88.7899136338782,33.2741601989913,-1.9
-88.7899059107703,33.274136009599,-2
-88.7898981703379,33.2741106705701,-1.9
-88.7898924853803,33.2740842581374,-1.9
-88.7898878172772,33.2740580307425,-1.9
-88.7898795194269,33.2740319403925,-1.8
-88.7898669116978,33.2740079818256,-1.9
-88.7898527899014,33.2739846300358,-1.9
-88.7898373054594,33.2739612743761,-1.8
-88.7898216408004,33.2739378004134,-1.6
-88.7898062308432,33.2739139468157,-1.9
-88.7897890839111,33.2738901840559,-2
-88.7897731066836,33.2738665559151,-1.7
-88.7897583242858,33.2738405434805,-2
-88.7897450930691,33.2738148692454,-2
-88.7897318178817,33.273788517236,-1.9
-88.7897200750133,33.2737650865852,-1.9
-88.7897103348733,33.2737389875047,-2
-88.7897010409617,33.2737129239251,-2
-88.7896916239486,33.2736869171176,-1.9
-88.7896828616814,33.2736607386452,-1.9
-88.7896728150102,33.273636809712,-2
-88.7896626924664,33.2736051391936,-2.1
-88.7896506087135,33.273581950717,-2.1
-88.7896364066099,33.2735570818432,-2
-88.789620876616,33.2735325013877,-2
-88.7896050052833,33.2735100872478,-1.9
-88.7895892778796,33.2734886146774,-2
-88.7895722875053,33.273468517483,-2.2
-88.7895536844177,33.2734490153303,-2.1
-88.7895280469334,33.2734322185363,-1.9
-88.7895050952441,33.2734167003066,-1.8
-88.7894792505483,33.273400793611,-2.1
-88.7894561114782,33.2733880847548,-1.9
-88.7894285627167,33.273389603407,-2
-88.7894028596877,33.273391451468,-2
-88.7893752758641,33.2733933264555,-1.9
-88.7893447409115,33.2733951942626,-1.9
-88.7893158344954,33.2733993157427,-1.9
-88.7892848379281,33.2734044063266,-1.9
-88.7892570279474,33.2734121440468,-1.8
-88.7892271832528,33.2734192267121,-1.9
-88.7891982525067,33.2734271873541,-1.9
-88.7891672646761,33.273436169953,-1.9
-88.7891361963906,33.2734466513125,-2
-88.7891051819424,33.2734584514884,-2
-88.7890769288449,33.2734714989839,-2
-88.7890512851466,33.2734844323593,-2
-88.7890255745808,33.2734976285062,-1.9
-88.7889982882378,33.2735117850005,-1.9
-88.7889748565919,33.2735245550424,-2
-88.7889517851083,33.2735365912909,-2.1
-88.7889285709733,33.2735480520945,-2.1
-88.7889075603581,33.2735600950205,-1.8
-88.7888842460578,33.2735703987929,-2
-88.7888613151478,33.273580374885,-1.9
-88.7888382145017,33.2735889681618,-1.9
-88.7888148018066,33.2735976540699,-1.9
-88.7887914406733,33.2736055818103,-1.9
-88.7887683212476,33.2736122218783,-2
-88.7887452496753,33.2736184059104,-1.9
-88.7887194956217,33.2736247148481,-1.8
-88.788695783713,33.2736310732117,-1.8
-88.7886726493134,33.2736371038289,-1.9
-88.7886470591787,33.2736422125644,-2
-88.7886225412535,33.2736471927905,-2
-88.7885972414574,33.2736521655489,-1.9
-88.7885727607711,33.2736571000038,-1.9
-88.7885476426762,33.2736639043043,-2
-88.7885238583809,33.2736726778686,-1.9
-88.7885006647572,33.2736823114536,-2
-88.7884789118487,33.2736907969609,-2
-88.7884569202662,33.2737001957754,-2
-88.7884404547951,33.2737122667193,-2.1
-88.7884175566127,33.2737252314819,-1.9
-88.7884020664524,33.2737390966731,-2
-88.7883876993117,33.273753114824,-2
-88.7883794473967,33.2737637131546,-2
-88.7883720574421,33.2737707051059,-2
-88.7883655916633,33.273778744825,-1.9
-88.788359911894,33.2737872692516,-1.8
-88.7883543716386,33.2737983407124,-1.9
-88.7883484146204,33.2738087997158,-1.9
-88.7883418163808,33.2738212980133,-1.9
-88.7883333415336,33.2738343777444,-1.9
-88.7883233896347,33.273846212666,-2
-88.7883125103031,33.2738586712693,-2
-88.7883008640383,33.2738710448275,-1.9
-88.7882880953778,33.2738829381433,-1.7
-88.788278525221,33.2738961033199,-1.9
-88.7882693571697,33.2739092387637,-1.9
-88.7882621869337,33.2739248206503,-1.9
-88.7882550420834,33.2739407424269,-1.9
-88.7882487542038,33.2739548158435,-1.9
-88.7882423376861,33.2739692230845,-1.9
-88.7882376562222,33.2739832041855,-1.8
-88.7882332968302,33.2739990027464,-2
-88.7882303866932,33.2740162330202,-1.9
-88.7882274905004,33.2740323699274,-1.9
-88.7882249587405,33.2740486946991,-2
-88.7882261217368,33.2740660778743,-1.9
-88.7882272819549,33.2740832999214,-2
-88.788228437172,33.2740991543404,-1.9
-88.7882295818316,33.274115011538,-1.9
-88.7882307353817,33.274131899487,-1.9
-88.7882318872648,33.2741490442538,-2
-88.7882330274791,33.274166075792,-1.9
-88.7882353603257,33.2741833678457,-1.8
-88.7882407732754,33.2742014612154,-1.8
-88.7882462172322,33.2742182324078,-1.9
-88.7882516790692,33.2742353934888,-1.9
-88.7882571249869,33.274252576284,-1.9
-88.78826270204,33.2742696097201,-1.9
-88.7882686475303,33.274285737823,-1.9
-88.7882739714394,33.2743056405526,-1.8
-88.7882791200655,33.2743216850922,-1.7
-88.7882877472073,33.2743385573387,-1.9
-88.7882962414539,33.2743600633683,-1.9
-88.7883063568345,33.2743741944943,-1.9
-88.7883181742943,33.2743877523359,-1.9
-88.7883308659171,33.2744010629311,-1.8
-88.7883438953738,33.2744140137337,-1.9
-88.7883544656438,33.2744258218374,-1.9
-88.7883618665744,33.2744408710787,-1.9
-88.7883667531223,33.2744555178128,-1.7
-88.7883667149018,33.2744674713588,-1.9
-88.7883637143723,33.2744791933424,-1.9
-88.7883606936079,33.2744913948813,-1.9
-88.788354080463,33.2745012310971,-1.9
-88.7883444683111,33.2745106792842,-1.9
-88.7883332696445,33.2745192036746,-1.8
-88.7883211817707,33.2745279050825,-1.9
-88.7883078629784,33.2745368769191,-1.9
-88.7882960201589,33.2745466914585,-1.9
-88.78828181147,33.2745556880699,-1.9
-88.7882677403984,33.2745652049044,-2
-88.7882544043703,33.2745754580889,-1.9
-88.7882398286988,33.2745863881412,-1.9
-88.7882243943721,33.2745981950316,-1.9
-88.7882073134396,33.2746069788459,-1.9
-88.7881906057849,33.2746140107799,-1.9
-88.7881722788788,33.274620744267,-1.9
-88.7881563408257,33.2746247677247,-2
-88.7881403472032,33.2746233282701,-1.9
-88.7881235487514,33.274621892306,-1.9
-88.7881068122635,33.2746204326069,-1.9
-88.7880876918596,33.2746189736059,-1.9
-88.7880694801248,33.2746171738224,-1.9
-88.7880482058929,33.2746124555692,-1.2
-88.7880305270829,33.2746080984057,-1.9
-88.7880127796461,33.2746035264403,-1.7
-88.7879937678939,33.2745997420888,-1.8
-88.7879753364983,33.2745961712861,-1.8
-88.7879553836337,33.274592646843,-1.8
-88.7879349237993,33.2745898492111,-1.9
-88.7879151585839,33.274586770784,-1.9
-88.7878975540701,33.274582672731,-1.9
-88.7878817013764,33.27458042861,-1.9
-88.7878722785222,33.2745815982699,-1.9
-88.7878660435436,33.274582789082,-1.9
-88.787858911968,33.2745839798942,-1.9
-88.787849534007,33.2745851798532,-1.9
-88.7878380719093,33.2745863558016,-1.9
-88.7878277003713,33.2745875323218,-1.8
-88.7878152660104,33.2745846181348,-1.9
-88.7878008743748,33.2745816498418,-1.8
-88.7877864279706,33.2745811765708,-1.8
-88.7877682780573,33.2745836836957,-1.8
-88.7877509187343,33.274586206581,-1.8
-88.7877338682558,33.2745894481065,-1.9
-88.7877188290625,33.2745935281101,-1.9
-88.7877031713035,33.274598890377,-2
-88.7876904389855,33.2746056604739,-1.9
-88.7876807913049,33.2746137946027,-1.9
-88.7876718854214,33.274623812177,-1.9
-88.7876631044614,33.274634947305,-1.9
-88.787656327458,33.274646071253,-1.8
-88.7876512110496,33.2746575467944,-1.9
-88.7876600664903,33.2746705649845,-1.7
-88.7876629913204,33.2746846105871,-1.8
-88.7876659232358,33.2746986779946,-1.9
-88.7876693521714,33.2747129025915,-1.8
-88.787673726624,33.2747264744298,-1.9
-88.7876784891274,33.2747396875094,-1.8
-88.7876843273834,33.2747538907788,-1.9
-88.7876904549416,33.2747682204823,-1.9
-88.787697659039,33.2747801212997,-1.8
-88.7877071135969,33.2747918809445,-1.8
-88.7877167623453,33.2748030745474,-1.8
-88.7877276887195,33.2748153907425,-1.7
-88.7877384004752,33.2748273156924,-1.8
-88.7877497528112,33.2748390664481,-1.8
-88.7877605266186,33.2748510762147,-1.8
-88.7877678978827,33.2748653194437,-1.8
-88.7877720653059,33.2748796629372,-1.8
-88.7877761005065,33.2748944765687,-1.8
-88.7877794953111,33.2749088874459,-1.8
-88.787782909654,33.2749245654819,-1.8
-88.7877830345775,33.2749394739951,-1.7
-88.787779455251,33.2749536487905,-1.8
-88.7877759138557,33.2749651869003,-1.8
-88.7877695636656,33.274975793841,-1.8
-88.7877613451781,33.2749856057124,-1.9
-88.7877513152779,33.2749945698568,-1.8
-88.7877413918122,33.2749996800101,-1.9
-88.7877301246299,33.2750029538139,-1.9
-88.7877158270813,33.2750038401314,-1.8
-88.787701748574,33.2750047179593,-1.8
-88.7876846347921,33.2750056076727,-1.8
-88.787667448261,33.2750064927168,-1.8
-88.787648889443,33.2750073662999,-1.7
-88.7876285603494,33.2750082572867,-1.8
-88.7876095636137,33.2750091351146,-1.8
-88.7875910405982,33.2750100205832,-1.7
-88.7875726417495,33.2750137620258,-1.8
-88.7875536326095,33.2750180000166,-1.8
-88.7875337656251,33.2750243194813,-1.7
-88.7875146703906,33.2750304454918,-1.8
-88.7874964483181,33.2750368215775,-1.8
-88.7874798468469,33.2750439636164,-1.7
-88.7874607849902,33.275051835811,-1.9
-88.7874451149589,33.2750614652652,-1.8
-88.7874311900174,33.2750725746434,-1.8
-88.7874192191884,33.2750838427614,-1.9
-88.7874087893238,33.2750958744311,-1.9
-88.7873972209105,33.2751082094796,-1.9
-88.7873863917961,33.2751225804861,-1.9
-88.7873747051316,33.275135118549,-1.8
-88.7873647939825,33.2751509800725,-1.9
-88.7873568930267,33.2751664945758,-1.9
-88.7873460883751,33.2751836652033,-1.8
-88.7873374158668,33.2752012890132,-1.9
-88.7873283057053,33.2752163755614,-1.8
-88.7873197001887,33.275231612381,-1.8
-88.7873117361221,33.2752465474581,-1.8
-88.7873036544161,33.2752624844549,-1.7
-88.7872955739099,33.2752779847651,-1.8
-88.7872875297658,33.2752934992837,-1.8
-88.7872788250385,33.2753083469601,-1.8
-88.7872694754792,33.2753232469892,-1.7
-88.7872598431609,33.2753372516239,-1.8
-88.7872498698451,33.2753525333625,-1.8
-88.7872400675793,33.2753669985092,-1.8
-88.7872289975312,33.2753823499637,-1.7
-88.7872184920553,33.2753970293798,-1.8
-88.7872064460554,33.2754121778442,-1.8
-88.7871940002402,33.2754268345913,-1.7
-88.787183410198,33.27544104839,-1.7
-88.7871728094714,33.2754563245956,-1.8
-88.7871595380241,33.275470718604,-1.8
-88.7871463243001,33.2754849922632,-1.7
-88.7871353569152,33.2754966617539,-1.8
-88.7871262862376,33.2755102964114,-1.7
-88.7871176784146,33.2755250982718,-1.8
-88.7871087147174,33.2755411928208,-1.8
-88.7871001989719,33.2755551553297,-1.8
-88.7870933103278,33.2755692002128,-1.8
-88.7870949906694,33.2755822289251,-1.8
-88.7870966808186,33.275597402917,-1.8
-88.7870983922171,33.2756133636621,-1.8
-88.7871000848181,33.2756288526328,-1.8
-88.7871017888611,33.2756421562569,-1.8
-88.7871054675751,33.2756562564275,-1.8
-88.7871094927495,33.2756705387948,-1.9
-88.7871139395419,33.2756842359174,-1.1
-88.7871186442774,33.2756991962164,-1.8
-88.787123288377,33.2757136390675,-1.7
-88.7871279348074,33.2757277598016,-1.8
-88.7871279798788,33.2757437281762,-1.8
-88.7871267229788,33.2757597800269,-1.8
-88.7871254678995,33.2757762722199,-1.7
-88.7871242225306,33.275796494468,-1.8
-88.7871229735204,33.2758159779568,-1.7
-88.787121731793,33.2758353281235,-1.7
-88.7871204633618,33.2758552182436,-1.8
-88.7871181114005,33.275874641659,-1.8
-88.7871151152023,33.2758944247619,-1.8
-88.7871121363901,33.2759155823064,-1.7
-88.7871121225953,33.2759371686717,-1.7
-88.7871139231257,33.2759565706943,-1.7
-88.7871157288349,33.2759784404084,-1.7
-88.787117516418,33.2759980466452,-1.7
-88.7871193048643,33.2760173986893,-1.7
-88.7871243451898,33.2760369010561,-1.7
-88.787132494707,33.276053470419,-1.7
-88.7871443418857,33.2760664922791,-1.7
-88.7871595648777,33.2760766050689,-1.7
-88.7871784470184,33.2760831398344,-1.7
-88.7871988095872,33.2760874524435,-1.7
-88.7872213508228,33.276089878745,-1.7
-88.787244448265,33.2760911017546,-1.7
-88.787270106483,33.2760923529414,-1.7
-88.7872957585338,33.2760935999316,-1.7
-88.7873214594857,33.2760948547155,-1.7
-88.7873471329578,33.2760961023052,-1.7
-88.7873701275729,33.2761001875023,-1.7
-88.7873910132796,33.2761075561148,-1.7
-88.7874079169801,33.2761183104054,-1.7
-88.7874261938658,33.2761295525488,-1.6
-88.78744072753,33.2761419471667,-1.6
-88.7874565541336,33.276155816772,-1.6
-88.7874647245101,33.2761736346153,-1.6
-88.7874711932979,33.2761888412256,-1.6
-88.7874795370634,33.2762050565617,-1.6
-88.7874893265968,33.2762209674345,-1.6
-88.7875016052381,33.2762335478966,-1.6
-88.787513311729,33.2762457779147,-1.6
-88.7875249135501,33.2762566561582,-1.7
-88.7875388681334,33.2762650925459,-1.7
-88.7875551510181,33.2762668659428,-1.6
-88.7875736235227,33.2762756952944,-1.7
-88.7875936856061,33.2762831931841,-1.6
-88.7876110638915,33.2762887568236,-1.7
-88.7876280450913,33.2762926187192,-1.6
-88.7876454624758,33.2762912015422,-1.6
-88.7876621407557,33.27628977339,-1.6
-88.7876797823104,33.2762883472957,-1.6
-88.7876966087406,33.2762869198295,-1.6
-88.7877136757157,33.2762855026525,-1.6
-88.7877291676661,33.2762821245741,-1.7
-88.7877468713989,33.276278465839,-1.6
-88.7877630650592,33.2762712839359,-1.6
-88.7877807360755,33.2762645792889,-1.6
-88.7877984105562,33.2762587523899,-1.6
-88.7878152772266,33.276254367119,-1.6
-88.7878321799615,33.2762521477984,-1.7
-88.7878510467337,33.2762499156308,-1.7
-88.7878720029725,33.276247707016,-1.7
-88.7878904930964,33.2762466628547,-1.7
-88.7879109400803,33.2762456964669,-1.6
-88.7879314441656,33.2762447088243,-1.6
-88.7879518514751,33.2762437325175,-1.6
-88.7879699088201,33.2762427656574,-1.6
-88.7879886650929,33.2762417902953,-1.7
-88.7880072999697,33.2762408083206,-1.7
-88.7880246923144,33.2762388152663,-1.8
-88.7880427326938,33.2762332413233,-1.8
-88.7880631772251,33.2762262532143,-1.9
-88.7880816353999,33.2762196854473,-1.8
-88.7881000785646,33.2762128692969,-1.8
-88.78811905539,33.2762047288468,-1.8
-88.7881363097986,33.276197957207,-1.8
-88.7881567008114,33.2761955365262,-1.9
-88.7881735173223,33.2761973060946,-1.8
-88.7881867672732,33.2761990850755,-1.8
-88.7882000705571,33.2762008520768,-1.8
-88.7882119576595,33.2762035558096,-1.6
-88.7882252014223,33.2762102713425,-1.9
-88.7882314475804,33.2762181041834,-1.8
-88.7882324274824,33.2762269470187,-1.8
-88.7882300984428,33.2762375455706,-1.7
-88.7882277649286,33.2762486420768,-1.7
-88.788225432533,33.2762595743903,-1.7
-88.7882188803417,33.2762738446778,-1.6
-88.7882094293606,33.2762871072086,-1.7
-88.7881968583527,33.2763000542457,-1.6
-88.7881814929879,33.2763130099198,-1.7
-88.7881689626618,33.2763273613526,-1.6
-88.7881626547248,33.2763407588121,-1.6
-88.788166767403,33.2763535177803,-1.6
-88.7881708623286,33.2763641830466,-1.6
-88.788176951407,33.2763739585186,-1.6
-88.7881843338626,33.2763829102693,-1.6
-88.788193744532,33.2763925719,-1.6
-88.7882028561416,33.2764023686196,-1.6
-88.7882122766802,33.2764114824171,-1.6
-88.7882209838726,33.2764201739202,-1.6
-88.7882299560485,33.2764280331332,-1.6
-88.78824022709,33.2764386709291,-1.6
-88.7882507000412,33.2764509498752,-1.6
-88.7882618556093,33.2764651121602,-1.6
-88.7882726661714,33.2764770754679,-1.7
-88.7882843503504,33.2764897235888,-1.7
-88.7882926371493,33.2765041297111,-1.7
-88.7882992108107,33.2765173550186,-1.7
-88.7883049398219,33.2765325462425,-1.7
-88.7883047765101,33.2765481112623,-1.7
-88.7883036856446,33.2765622928984,-1.7
-88.7883026062675,33.2765778707089,-1.7
-88.7883015174908,33.2765934125847,-1.7
-88.7883004402024,33.2766104519503,-1.7
-88.7882993634362,33.2766234112071,-1.7
-88.7882982762261,33.2766377910246,-1.7
-88.7882972203477,33.2766542969786,-1.6
-88.7882953396472,33.2766696654326,-1.7
-88.7882927244178,33.2766852204145,-1.7
-88.788290165605,33.2767009621736,-1.7
-88.788287567923,33.2767178950486,-1.7
-88.7882852886073,33.2767351300158,-1.7
-88.7882830027325,33.276748136694,-1.7
-88.7882807387217,33.2767636099202,-1.7
-88.7882790290294,33.2767807687331,-1.7
-88.7882810122572,33.2767965644238,-1.6
-88.7882829945298,33.2768134927666,-1.7
-88.7882849672492,33.2768323563317,-1.7
-88.788286950477,33.2768507371287,-1.6
-88.7882911698913,33.2768663107387,-1.6
-88.788297010719,33.2768857255777,-1.7
-88.7883067943686,33.2769052718709,-1.7
-88.7883134132733,33.2769220567509,-1.7
-88.7883231182298,33.2769363105006,-1.7
-88.7883340253678,33.2769499940099,-1.7
-88.7883445681061,33.2769639881295,-1.7
-88.7883563969433,33.2769782533124,-1.6
-88.7883663433476,33.2769918503947,-1.6
-88.788375597134,33.2770048162854,-1.6
-88.7883857258874,33.2770186547674,-1.6
-88.7883970276069,33.2770319563793,-1.6
-88.7884071557981,33.2770474006838,-1.6
-88.7884224891966,33.2770624914954,-1.7
-88.7884352559589,33.2770768980706,-1.6
-88.7884460864725,33.277088205438,-1.6
-88.7884574936872,33.2770981360901,-1.6
-88.7884706117949,33.2771082761711,-1.6
-88.7884853687916,33.2771180222145,-1.6
-88.7885009044371,33.2771261959798,-1.6
-88.7885179219072,33.2771335053046,-1.6
-88.7885356849685,33.2771411010351,-1.6
-88.7885542842596,33.2771482524142,-1.1
-88.7885718225733,33.2771565205758,-1.6
-88.7885886305865,33.2771652497796,-1.7
-88.7886054301748,33.2771737471482,-1.7
-88.7886211776066,33.2771829386071,-1.7
-88.7886364659916,33.277190763288,-1.7
-88.7886513847028,33.2772010304127,-1.7
-88.7886650247773,33.2772115816922,-1.4
-88.7886805783956,33.2772224430802,-1.7
-88.788698870848,33.2772330727405,-1.7
-88.7887148153581,33.2772340588281,-1.7
-88.7887328958085,33.2772312644873,-1.6
-88.7887483630783,33.2772284902497,-0.7
-88.7887606217985,33.2772233512537,-1.7
-88.788772510387,33.2772162059846,-1.7
-88.788781801168,33.2772058540747,-1.7
-88.7887910267457,33.2771954501878,-1.7
-88.7888003989534,33.2771835131483,-1.7
-88.7888121840024,33.2771735321143,-1.7
-88.7888238644717,33.2771623858101,-1.7
-88.7888367871762,33.2771494362601,-1.7
-88.7888501386664,33.2771375510666,-1.7
-88.7888638654558,33.2771245294411,-1.7
-88.7888780638309,33.2771129308152,-1.7
-88.7888901343269,33.2771009374152,-1.7
-88.7889011588975,33.2770889842472,-1.7
-88.7889152756008,33.277076401473,-1.8
-88.7889301453164,33.2770643152358,-1.7
-88.7889434915552,33.2770524525437,-1.7
-88.788960410614,33.2770404902341,-1.8
-88.7889750283795,33.2770320716378,-1.8
-88.7889896973923,33.2770277539525,-1.7
-88.7890068638776,33.27702513408,-1.7
-88.7890238451528,33.2770278186786,-1.8
-88.7890423023473,33.2770304890113,-1.8
-88.7890578575735,33.2770336658095,-1.7
-88.7890762502136,33.2770378492833,-1.3
-88.7890915124652,33.277042710948,-1.7
-88.7891048325407,33.2770484844842,-1.7
-88.7891170556848,33.2770552459783,-1.7
-88.7891302735962,33.2770669231182,-1.7
-88.7891435402468,33.2770804695002,-1.7
-88.7891578073033,33.277093976281,-1.7
-88.7891733102239,33.2771041434034,-1.7
-88.7891873049921,33.2771165570381,-1.7
-88.7891994193002,33.2771288037886,-1.8
-88.7892075732129,33.2771438398896,-1.6
-88.7892151064016,33.2771592994341,-1.6
-88.7892220659473,33.2771752411092,-1.7
-88.7892241385178,33.277190763288,-1.6
-88.7892262250382,33.2772076396255,-1.7
-88.7892282946193,33.2772239227133,-1.5
-88.7892303771541,33.2772394306987,-1.6
-88.7892247378132,33.2772533382685,-1.6
-88.7892194729033,33.2772689266031,-1.7
-88.7892160802997,33.2772832501922,-1.7
-88.7892124372029,33.27729743043,-1.7
-88.7892057924798,33.2773131970698,-1.7
-88.7892000053246,33.2773290954001,-1.7
-88.7891945731059,33.2773445599659,-1.6
-88.7891891378902,33.277357048261,-1.7
-88.7891814930567,33.2773687941115,-1.7
-88.7891716619491,33.2773819130573,-1.7
-88.7891616096654,33.2773949087535,-1.7
-88.7891492815373,33.2774091951529,-1.7
-88.7891391636171,33.2774222593459,-1.7
-88.7891282602129,33.2774354420305,-1.7
-88.789115618124,33.2774483640649,-1.7
-88.7891023374963,33.2774605936473,-1.7
-88.7890887156884,33.2774697121173,-1.6
-88.7890749027203,33.2774819804871,-1.6
-88.7890611040904,33.2774932372912,-1.6
-88.7890443340681,33.2775054708238,-1.6
-88.7890287929218,33.2775170755563,-1.6
-88.7890141327008,33.2775291211245,-1.6
-88.7890008172391,33.2775407974242,-1.7
-88.7889880205745,33.2775547492501,-1.7
-88.7889729084406,33.2775659607968,-1.7
-88.7889581032157,33.2775776052041,-1.6
-88.7889413995677,33.2775888445599,-1.7
-88.7889263701233,33.2776002731144,-1.7
-88.7889105948835,33.2776120779968,-1.6
-88.7888949219374,33.2776244529456,-1.6
-88.7888793483951,33.2776348679261,-1.6
-88.7888621646624,33.2776444241764,-1.6
-88.7888437144858,33.277652915557,-1.6
-88.7888267151645,33.2776602738628,-1.6
-88.7888082625467,33.2776663238093,-1.6
-88.7887899044799,33.2776743143726,-1.6
-88.7887759982223,33.2776875027881,-1.7
-88.7887644640873,33.2776998970045,-1.7
-88.7887516112009,33.2777123101258,-1.7
-88.7887399691821,33.2777243460119,-1.8
-88.7887282366442,33.2777369987842,-1.7
-88.7887153233129,33.2777491206395,-1.7
-88.7887037094958,33.2777612333316,-1.6
-88.7886933793961,33.2777742544922,-1.7
-88.7886829903759,33.2777868473576,-1.6
-88.7886711761017,33.2777967710718,-1.7
-88.7886589290767,33.2778047040814,-1.6
-88.7886448320384,33.2778111904709,-1.6
-88.7886342080805,33.2778181666329,-1.6
-88.7886223422494,33.2778228182955,-1.5
-88.7886081293215,33.2778243573814,-1.6
-88.7885945947925,33.2778240094341,-1.6
-88.7885821570873,33.2778236651424,-1.6
-88.7885726619244,33.277823316198,-1.5
-88.7885637171687,33.2778229732356,-1.5
-88.7885553418424,33.2778226264515,-1.6
-88.7885476769094,33.2778222836552,-1.6
-88.7885406104407,33.2778219405267,-1.6
-88.7885323975817,33.2778215940748,-1.6
-88.7885248162129,33.277821247623,-1.6
-88.7885180535206,33.2778209015035,-1.6
-88.7885119055921,33.2778205578764,-1.6
-88.7885067144771,33.2778202120892,-1.6
-88.7885017115037,33.2778198661359,-1.6
-88.7884970794688,33.2778195213457,-1.7
-88.7884930645871,33.2778192041387,-1.6
-88.7884891455013,33.2778188565237,-1.6
-88.7884852429421,33.2778185127305,-1.6
-88.7884802683282,33.277818164617,-1.6
-88.7884751652869,33.2778178165035,-1.6
-88.7884696402683,33.2778174705501,-1.6
-88.7884646370258,33.2778171242645,-1.7
-88.7884600653828,33.2778158450746,-1.6
-88.7884570221869,33.2778141802723,-1.6
-88.788454839187,33.2778125050449,-1.6
-88.788452664547,33.2778108362329,-1.6
-88.788450493042,33.277808974545,-1.6
-88.7884468078762,33.2778062833129,-1.7
-88.7884417174576,33.2778036181082,-1.7
-88.7884334929031,33.2777999906141,-1.7
-88.7884207156859,33.2777948066208,-1.7
-88.7884073509293,33.2777870526213,-1.7
-88.7883936746836,33.2777779524417,-1.7
-88.7883769992606,33.2777648966921,-1.6
-88.7883596096016,33.2777518268539,-1.7
-88.7883441549129,33.2777374207713,-1.6
-88.7883270898838,33.2777230677239,-1.6
-88.7883130751496,33.2777086760902,-1.6
-88.788298904925,33.2776913005566,-1.7
-88.7882848815638,33.2776758092037,-1.6
-88.7882714415536,33.2776613569605,-1.6
-88.7882544073475,33.2776485965902,-1.7
-88.7882364092029,33.2776374798124,-1.6
-88.7882174612336,33.2776275633186,-1.7
-88.7881974013381,33.2776200857244,-1.7
-88.7881780360678,33.2776144986635,-1.6
-88.7881561487313,33.2776091632973,-1.6
-88.7881339179282,33.2776037963109,-1.6
-88.788112238782,33.2775982136027,-1.7
-88.7880896296402,33.2775910808808,-1.6
-88.7880683022429,33.2775845638495,-1.6
-88.7880446286083,33.2775780072803,-1.6
-88.788024148905,33.2775702030357,-1.6
-88.7880022799178,33.2775614173969,-1.6
-88.7879798306332,33.2775526931468,-1.5
-88.7879560007725,33.277542972328,-1.5
-88.7879339836977,33.2775336366836,-1.5
-88.7879142749309,33.2775233563729,-1.5
-88.7878950102396,33.2775134030796,-1.5
-88.787876066671,33.27750339933,-1.6
-88.7878560554608,33.2774931696815,-1.5
-88.7878347673557,33.2774832345784,-1.5
-88.7878116588451,33.2774737637064,-1.5
-88.7877927129807,33.277468107942,-1.5
-88.787773924687,33.2774645289054,-1.5
-88.7877506919373,33.2774641832782,-1.5
-88.7877318433004,33.2774685356505,-1.5
-88.7877093971828,33.2774725963939,-1.5
-88.7876895077639,33.2774765340098,-1.5
-88.7876703461845,33.2774819515256,-1.5
-88.7876499684579,33.2774892705566,-1.2
-88.7876314929997,33.2774985830638,-1.4
-88.7876144599807,33.2775082886898,-1.5
-88.7875973724082,33.2775194434594,-1.5
-88.7875822502662,33.2775309890725,-1.5
-88.787566554566,33.2775439761485,-1.5
-88.7875511576657,33.2775568879479,-1.6
-88.787537660264,33.2775695671798,-1.7
-88.7875242092679,33.2775831228845,-1.8
-88.7875116637622,33.2775969699456,-1.9
-88.787502166831,33.277612452664,-2
-88.7874959289436,33.2776296488365,-2.1
-88.7874923919771,33.2776474950479,-2.2
-88.7874888481626,33.2776650590761,-2.2
-88.7874992640128,33.2776812125055,-2.1
-88.7875012119544,33.2777060367073,-2.1
-88.7875031271497,33.2777249604782,-2.1
-88.7875050863188,33.2777430807572,-2.1
-88.7875075435059,33.2777626157527,-2
-88.7875107884551,33.2777824185697,-2.1
-88.7875139900764,33.2777997700564,-2.2
-88.7875144319167,33.2778196996366,-2
-88.7875131414612,33.2778396647352,-2
-88.7875118706698,33.2778590492689,-1.9
-88.7875105955769,33.2778764357321,-1.9
-88.7875093192549,33.277894613205,-1.9
-88.787508039246,33.277912889662,-2
-88.7875067635385,33.2779317794751,-1.9
-88.7875077393873,33.2779513320544,-2
-88.7875102492336,33.2779690186617,-2
-88.7875127833413,33.2779885562521,-2
-88.7875153320796,33.2780081741147,-2.1
-88.7875193746326,33.2780277782602,-2.1
-88.7875234328317,33.2780471754643,-2
-88.7875273982833,33.2780665509772,-2.3
-88.7875312970093,33.2780849216655,-2.3
-88.7875342443268,33.2781029368432,-2.2
-88.7875362570053,33.2781221063847,-2.2
-88.7875382814082,33.2781414777029,-2.2
-88.7875401934528,33.2781585748898,-2.2
-88.7875423064481,33.2781797364126,-2.2
-88.7875472031663,33.2782012737921,-2.2
-88.7875522886857,33.2782207034323,-2.2
-88.7875582137526,33.278240628197,-2.1
-88.7875638164461,33.2782600204708,-2.1
-88.78756929136,33.2782794697233,-2.1
-88.7875754253792,33.2782994077434,-2.1
-88.7875802442866,33.2783177205113,-2.2
-88.7875841059098,33.2783376555671,-2.2
-88.7875865288106,33.2783554670902,-2.2
-88.7875842732275,33.278374809195,-2.3
-88.787582006663,33.2783944740339,-2.2
-88.7875797576688,33.278412268411,-2.3
-88.7875785172093,33.2784314218113,-2.2
-88.7875800494612,33.2784492008911,-2.2
-88.7875815574849,33.2784685919191,-2.2
-88.7875830809265,33.2784880468627,-2.2
-88.7875846513563,33.2785098078635,-2.3
-88.7875861865449,33.2785300941614,-2.2
-88.787589821359,33.2785493069764,-2.3
-88.7875965333756,33.2785670591452,-2.3
-88.7876050544615,33.2785849548466,-2.3
-88.7876166386144,33.2786017404508,-2.3
-88.7876255635947,33.2786176626342,-2.3
-88.7876364657602,33.2786335356433,-2.3
-88.7876480937867,33.278648792054,-2.3
-88.7876621786486,33.2786646151776,-2.2
-88.7876769168558,33.2786808739789,-2.3
-88.7876902291738,33.278698805668,-2.3
-88.7877047707553,33.2787144515167,-2.3
-88.787716787652,33.2787316717141,-2.3
-88.7877304479565,33.2787488843023,-2.4
-88.787743656348,33.2787647562554,-2.4
-88.7877558968593,33.2787802865513,-2.5
-88.7877703481906,33.2787975126596,-2.6
-88.7877836536473,33.278813474723,-2.7
-88.7877970378355,33.2788291350328,-2.3
-88.7878105600906,33.2788468981237,-2.3
-88.7878235463387,33.2788647138063,-2.3
-88.7878352655019,33.2788824420366,-2.3
-88.7878466153857,33.2788998020443,-2.3
-88.7878533363917,33.278917631672,-2.3
-88.7878559776402,33.2789349446258,-2.3
-88.7878547158382,33.2789518104284,-2.3
-88.7878534386484,33.2789676665445,-2.3
-88.7878521743843,33.2789844500295,-2.3
-88.7878508984255,33.2790003688178,-2.3
-88.7878496193891,33.2790159017631,-2.3
-88.7878483532785,33.2790314060745,-2.3
-88.7878457768633,33.2790421492119,-2.3
-88.7878413685588,33.2790489669607,-2.3
-88.787835581418,33.2790632331727,-2.3
-88.7878259252164,33.2790774584835,-2.3
-88.7878107380944,33.2790917725882,-2.3
-88.7877980533187,33.2791060233081,-2.3
-88.7877840026335,33.2791202904522,-2.3
-88.7877712050777,33.2791374530235,-2.4
-88.7877593425672,33.2791536690535,-2.5
-88.7877476867474,33.2791706236713,-2.6
-88.7877350925067,33.2791861274046,-2.6
-88.7877234811013,33.2792043133885,-2.6
-88.7877151459783,33.2792224559119,-2.4
-88.7877068526525,33.2792420123546,-2.3
-88.7876978532823,33.2792607064346,-2.7
-88.7876893238532,33.2792797658318,-2.5
-88.7876804396095,33.2792980900214,-2.4
-88.7876711441125,33.2793174453932,-2.3
-88.7876612541564,33.2793357709394,-2
-88.7876532852917,33.2793529917443,-2.1
-88.7876453482653,33.2793703948413,-2
-88.7876380200313,33.2793876639592,-1.9
-88.7876318279959,33.2794058415643,-2.1
-88.7876250439424,33.2794237564938,-2.2
-88.7876181406419,33.2794413929804,-2.3
-88.7876103821907,33.2794573859361,-2.4
-88.7876011469438,33.2794723581202,-2.3
-88.7875892757581,33.2794878662137,-2.3
-88.7875786494373,33.2795034330461,-2.2
-88.7875655288677,33.27951689821,-2.1
-88.7875507623347,33.2795289066956,-2
-88.7875349744933,33.2795387877501,-1.8
-88.7875170849788,33.279546837577,-1.8
-88.78749825995,33.2795533429895,-1.9
-88.7874792952715,33.2795599845427,-2
-88.7874608228065,33.2795704111428,-1.3
-88.7874420491454,33.279579536175,-1.7
-88.7874248595078,33.2795893867387,-1.9
-88.7874064416717,33.2795937587729,-2.3
-88.7873879179024,33.2795977104708,-2.5
-88.7873687257841,33.2795949693164,-2.6
-88.7873477663604,33.2795921987877,-2.6
-88.7873265876836,33.2795916078234,-2.6
-88.7873046158812,33.2795968510871,-2.5
-88.787284166909,33.2796008099594,-2.3
-88.7872637080886,33.2796045379157,-2.1
-88.7872447771743,33.2796110585734,-1.9
-88.7872281677626,33.2796200969734,-1.6
-88.7872127494487,33.2796303381418,-1.5
-88.7872002452597,33.2796423220402,-1.5
-88.787190410375,33.2796553321205,-1.5
-88.7871828187454,33.2796691733255,-1.5
-88.7871811206227,33.2796832521024,-1.4
-88.7871794445748,33.2796983536383,-1.5
-88.7871777538104,33.2797112529358,-1.2
-88.787176058958,33.2797255589107,-0.8
-88.7871743853628,33.2797377118164,-1.5
-88.7871672376601,33.279749916815,-1.5
-88.787155246355,33.2797600882904,-1.5
-88.7871433702356,33.2797714999516,-1.5
-88.78713173561,33.2797806885488,-1.5
-88.7871174506709,33.2797884081587,-1.5
-88.7871004461765,33.2797953483823,-1.5
-88.7870815323215,33.2798005717661,-1.5
-88.7870611048929,33.2798047286002,-0.8
-88.7870426113379,33.2798086529211,-0.7
-88.7870279573069,33.2798085291042,-0.3
-88.7870133035494,33.2798080392497,-0.6
-88.7870009311331,33.2798075508015,-1.3
-88.7869905751593,33.2798070656346,-0.7
-88.7869837565265,33.2798065753113,-1
-88.7869807143169,33.2798060845192,-1
-88.7869777040694,33.2798055988836,-0.9
-88.7869728124411,33.2798051130135,-0.8
-88.786966384803,33.2798046419094,-0.8
-88.786959722213,33.2798041546331,-0.8
-88.7869576736721,33.2798036689974,-0.7
-88.786956877723,33.2798031791429,-0.8
-88.7869560943416,33.2798026970229,-0.8
-88.7869553048667,33.2798022111528,-0.7
-88.7869545092985,33.2798017215327,-0.9
-88.7869537125878,33.2798012570438,-0.7
-88.7869529162579,33.2798008305823,-1
-88.7869521184046,33.279800403305,-0.7
-88.7869513342615,33.2797999833699,-1
-88.7869505478334,33.2797995622111,-0.8
-88.7869497541693,33.2797991371773,-0.7
-88.786950102688,33.2797987123474,-0.8
-88.7869518874932,33.2797982911886,-1.6
-88.7869536697055,33.2797978706417,-0.8
-88.7869554519178,33.2797974500948,-0.7
-88.7869572220297,33.2797970324032,-0.8
-88.7869591946034,33.2797966071654,-0.8
-88.7869614264474,33.279796180092,-0.7
-88.7869636359091,33.2797957573016,-0.8
-88.7869658517657,33.2797953332876,-0.8
-88.7869695720668,33.279794915188,-0.8
-88.7869762585114,33.279794491174,-1.1
-88.7869807347812,33.2797940687915,-0.8
-88.7869852413107,33.2797942543209,-1
-88.7869855370063,33.2797949052557,-1.3
-88.7869858315684,33.2797955536952,-1.5
-88.7869861235802,33.2797961965206,-0.4
-88.7869864158754,33.2797968399697,-1.6
-88.7869867070371,33.2797974809237,-0.8
-88.7869869981989,33.2797981218777,-0.8
-88.7869872957364,33.2797987768671,-0.8
-88.7869875907236,33.2797994262424,-1.1
-88.7869880092597,33.2798003475942,-0.7
-88.7869883045302,33.2798009975932,-0.7
-88.7869885945585,33.2798015577776,-0.8
-88.7869888882705,33.2798019584932,-0.8
-88.7869891788655,33.279802354956,-0.8
-88.7869894749862,33.2798027589577,-0.7
-88.786989766998,33.2798031573536,-0.9
-88.7869900621268,33.2798035600021,-1
-88.7869903541387,33.279803958398,-0.7
-88.7869906509678,33.2798043633662,-0.7
-88.7869909448215,33.279804764275,-0.9
-88.7869912376834,33.2798051638307,-0.7
-88.7869915287034,33.2798055608735,-1.6
-88.7869918243991,33.2798059642952,-0.7
-88.7869921195279,33.2798063669438,-1.5
-88.7869924133817,33.2798067678526,-0.8
-88.7869927065269,33.2798071677949,-1.5
-88.7869930003807,33.2798075687037,-0.7
-88.7869932959346,33.2798079719322,-0.8
-88.7869935930471,33.2798083772869,-1.5
-88.7869938891677,33.2798087812886,-0.8
-88.7869941852884,33.2798023977547,-0.8
-88.786997017655,33.2798019073235,-0.8
-88.7870002504074,33.2798026218109,-1.5
-88.7870034698361,33.2798033314963,-0.8
-88.787006782073,33.2798040401526,-1.5
-88.7870101055324,33.2798047512099,-1.5
-88.787011982009,33.2798054588372,-1.5
-88.7870114196143,33.2798061674935,-1.6
-88.7870108588529,33.2798068740918,-1.6
-88.7870102950971,33.2798075844631,-1.5
-88.7870097245359,33.2798083034097,-1.5
-88.7870091610524,33.2798076201643,-1.6
-88.7870085983854,33.2798042481198,-1.5
-88.7870080389851,33.2798079601897,-1.5
-88.7870074716905,33.2798032875273,-1.6
-88.7870069112013,33.2798088575528,-1.5
-88.7870063439067,33.279808681301,-1.5
-88.7870057809675,33.2798085064024,-1.6
-88.7870052161229,33.2798083309118,-1.5
-88.7870046540004,33.2798081562669,-1.6
-88.7870040959611,33.2798079828906,-1.5
-88.7870035264888,33.2798078059623,-1.6
-88.7870030813301,33.2798076316557,-1.7
-88.7870027731163,33.2798074475386,-0.7
-88.7870024820332,33.2798072736549,-1.6
-88.7870021854287,33.2798070964728,-1.6
-88.7870018943457,33.2798069225891,-1.6
-88.7870016004311,33.2798067470139,-1.6
-88.7870013075076,33.2798065720307,-1.5
-88.7870010124604,33.2798063957789,-1.6
-88.7870007169885,33.2798062192735,-1.5
-88.7870004232155,33.2798060437828,-1.5
-88.7870001291594,33.2798058681231,-1.7
-88.7869998346785,33.2798056922096,-1.6
-88.7869995416134,33.2798055171419,-1.5
-88.7869992465662,33.2798053408901,-1.5
-88.7869989527932,33.2798051653995,-1.5
-88.7869986611439,33.2798049911775,-1.3
-88.7869983651057,33.2798048143337,-1.6
-88.786998070908,33.2798046385894,-1.6
-88.7869977747282,33.279804461661,-1.5
-88.7869974799641,33.2798042855784,-1.5
-88.7869971887395,33.2798041116101,-1.5
-88.786996894825,33.2798039360349,-1.5
-88.7869966028925,33.2798037616438,-1.6
-88.7869963106769,33.2798035870835,-1.7
-88.7869960136476,33.2798034096477,-1.6
-88.7869957242635,33.2798032367788,-1.5
-88.7869954317647,33.2798030620494,-1.6
-88.7869951358681,33.2798028852902,-1.6
-88.786994843794,33.2798027108145,-0.7
-88.7869945494547,33.2798025349856,-1.6
-88.7869942558233,33.2798023595795,-1.6
-88.7869939154993,33.2798021860341,-1.7
-88.786993565189,33.2798020105435,-1.5
-88.7869932123464,33.2798018337843,-1.9
-88.7869928601791,33.2798016573634,-1.6
-88.7869925090247,33.2798014814499,-1.7
-88.7869921605715,33.2798011942043,-1.5
-88.7869918116118,33.2798008596369,-1.7
-88.7869914607951,33.2798005232891,-1.6
-88.7869911084589,33.2798001854844,-1.6
-88.7869907561228,33.2797998476798,-1.4
-88.7869904032801,33.2797995093896,-1.6
-88.7869900511128,33.2797991717468,-1.5
-88.7869896997896,33.2797988349134,-1.5
-88.7869893491417,33.2797984987274,-1.5
-88.7869889971432,33.2797981612465,-1.5
-88.7869886470017,33.279797825546,-1.6
-88.7869882936526,33.2797974867703,-1.6
-88.7869879445241,33.279797152041,-1.6
-88.7869875975904,33.2797968194159,-1.5
-88.7869872469424,33.2797964832299,-1.6
-88.7869868937622,33.279796144616,-1.5
-88.7869865469972,33.2797958121528,-1.6
-88.7869862000634,33.2797954795277,-1.6
-88.7869858511038,33.2797951449603,-1.5
-88.7869855006247,33.2797948089362,-0.7
-88.7869842682753,33.279794469513,-0.7
-88.7869806952753,33.2797941360786,-1.5
-88.7869771361512,33.2797936799243,-1.4
-88.7869725709601,33.2797928332935,-0.8
-88.7869676581598,33.2797919813405,-0.7
-88.7869606395527,33.27979112775,-1
-88.7869513129673,33.2797902786628,-1.2
-88.7869396406907,33.2797894271192,-0.9
-88.7869243915256,33.2797885682066,-1.1
-88.7869061471501,33.2797877228039,-0.8
-88.7868826252249,33.279786868804,-0.8
-88.7868562530098,33.2797850434268,-0.9
-88.7868279795064,33.2797815862597,-0.8
-88.7868013518047,33.2797776733098,-0.8
-88.7867747805976,33.279771730529,-1.4
-88.7867468210025,33.2797646708889,-1.6
-88.7867214869806,33.2797547714278,-0.7
-88.7866966420212,33.2797402623206,-1.3
-88.7866734360721,33.2797244098001,-1.5
-88.7866502397504,33.2797065534917,-1.6
-88.7866283896527,33.2796850244905,-1.6
-88.7866110136438,33.2796603711528,-1.6
-88.786592548582,33.2796367643342,-1.6
-88.7865741667883,33.2796133349237,-1.5
-88.7865555846674,33.2795880216607,-1.6
-88.7865350384601,33.2795633896757,-1.6
-88.7865161972631,33.2795373489779,-1.7
-88.7864976754169,33.2795157843998,-0.9
-88.7864777762485,33.279501855096,-2.3
-88.7864552561528,33.2794920778306,-2.4
-88.7864278033021,33.2794736348489,-2.3
-88.7864107969816,33.2794578871842,-2.2
-88.786399387277,33.2794392614621,-2.5
-88.786388960214,33.279418087084,-2.5
-88.7863779001923,33.2793961219932,-2.7
-88.7863663621513,33.2793759356716,-2.6
-88.7863559239558,33.2793567773964,-2.8
-88.7863462494147,33.2793425244822,-2.6
-88.7863346837314,33.2793281707852,-2.8
-88.7863222879179,33.2793157252101,-2.8
-88.7863104028062,33.2793046625203,-2.7
-88.7862976201941,33.2792930483324,-2.4
-88.7862861378967,33.2792811069833,-2.2
-88.786273357328,33.2792673691978,-2.2
-88.786262616061,33.2792552700781,-2.1
-88.7862530333896,33.2792422034289,-2.1
-88.7862442746397,33.2792317801,-2.1
-88.7862381416203,33.2792210366962,-2.1
-88.7862345738139,33.279209314397,-2
-88.7862310778425,33.2791978147955,-2.1
-88.7862292291591,33.2791854461969,-2.1
-88.7862275921917,33.2791742732754,-2
-88.7862259504887,33.2791640616194,-2
-88.7862243095749,33.2791548846135,-2
-88.786222671029,33.2791428610667,-2
-88.7862232593138,33.2791309257565,-2
-88.7862271876462,33.2791189851283,-1.9
-88.7862310546214,33.2791041547719,-2
-88.7862344221656,33.2790851584354,-2
-88.7862377543127,33.2790658405611,-2
-88.786241523602,33.2790461265388,-2
-88.7862457870066,33.2790227115082,-2.1
-88.7862500703304,33.2790009507176,-2
-88.7862545009346,33.2789754034908,-2
-88.7862561861864,33.2789488222144,-2
-88.7862512725386,33.2789254414478,-2
-88.786246892755,33.2788967423012,-1.9
-88.7862430255519,33.2788686089358,-2
-88.7862390087798,33.2788372375985,-1.9
-88.7862342095255,33.2788068050076,-1.9
-88.7862290887871,33.2787730072275,-1.9
-88.7862231503794,33.2787390134348,-1.9
-88.7862162486641,33.2787042063204,-1.8
-88.7862140470411,33.2786716360578,-1.8
-88.786216593366,33.2786372866316,-1.7
-88.7862191929975,33.2786017404508,-1.7
-88.7862218915292,33.2785705038056,-1.7
-88.7862291181878,33.2785368834917,-1.7
-88.7862399679065,33.2785025069434,-1.7
-88.7862504610255,33.278471325708,-1.7
-88.7862648961128,33.2784384925337,-1.6
-88.7862820894133,33.2784070859619,-1.6
-88.7863000962607,33.2783787867628,-1.7
-88.7863187030418,33.2783527461537,-1.6
-88.7863390845889,33.2783258093613,-1.6
-88.7863579201485,33.2783026762238,-1.6
-88.7863761033706,33.278282719674,-1.7
-88.7863932014315,33.2782632298895,-1.7
-88.7864087240915,33.2782415674069,-1.6
-88.7864272808941,33.2782199632569,-1.6
-88.786444596258,33.2782003019834,-1.6
-88.7864627122312,33.2781807474043,-1.7
-88.7864816384078,33.2781632902362,-1.7
-88.7865012979895,33.278148075658,-1.6
-88.7865232623516,33.2781317692053,-1.6
-88.7865445811089,33.2781163065416,-1.6
-88.7865650518806,33.2781004026716,-1.6
-88.7865837356858,33.2780837636758,-1.6
-88.7866031251797,33.2780677342238,-1.6
-88.786622782148,33.2780521241293,-1.5
-88.786639845605,33.2780343929453,-1.6
-88.7866559178341,33.2780169222365,-1.5
-88.7866748337027,33.2780027808213,-1.6
-88.7866953699004,33.2779918373447,-1.6
-88.7867157573321,33.2779830260262,-1.7
-88.7867388265338,33.2779758807274,-1.6
-88.7867644967031,33.2779674326375,-1.6
-88.7867876197264,33.2779585476927,-1.6
-88.7868127158903,33.2779499688242,-1.6
-88.7868407234981,33.2779429743797,-1.6
-88.7868638592353,33.2779362893612,-1.6
-88.7868896205639,33.2779278810205,-1.6
-88.7869152010501,33.2779182441314,-1.6
-88.7869384131362,33.2779061346175,-1.6
-88.7869615501638,33.2778931568664,-1.6
-88.786983262203,33.2778790538163,-1.6
-88.7870036763621,33.2778635557951,-1.6
-88.7870219672522,33.2778463925357,-1.6
-88.7870353742068,33.2778309895118,-1.6
-88.7870461724676,33.2778136893471,-1.6
-88.7870565567077,33.2777954457622,-1.6
-88.7870660865043,33.2777738823908,-1.6
-88.7870738234592,33.2777541388785,-1.6
-88.7870789404304,33.2777345559224,-1.6
-88.7870835679331,33.277711393905,-1.6
-88.7870812614767,33.2776880424653,-1.7
-88.7870781314501,33.2776616054079,-1.7
-88.7870749769794,33.2776352800151,-1.8
-88.7870714105311,33.2776095383168,-1.9
-88.7870679141808,33.2775838099031,-1.9
-88.7870648136481,33.2775562143636,-2
-88.7870622089376,33.2775289501148,-2
-88.7870595929295,33.2775023996893,-1.9
-88.787056919468,33.2774761259365,-1.9
-88.7870535218718,33.2774498244134,-1.9
-88.7870500827809,33.2774218634515,-1.9
-88.7870462743389,33.2773958773294,-1.9
-88.7870420114545,33.2773697958296,-1.9
-88.7870371129796,33.2773408799878,-2
-88.7870309872671,33.2773121687153,-1.9
-88.7870238971152,33.2772836108688,-1.9
-88.7870166776533,33.2772552994309,-1.9
-88.7870102162905,33.2772264118031,-1.8
-88.7870050279495,33.2772003280417,-1.8
-88.7869992072904,33.2771715491335,-1.8
-88.7869929756966,33.2771432523125,-1.8
-88.7869862971667,33.2771146154854,-1.7
-88.7869800435662,33.2770857891556,-1.7
-88.7869736595918,33.2770572385308,-1.6
-88.7869670487947,33.277030116217,-1.6
-88.7869630112299,33.2770027980936,-1.7
-88.7869589541032,33.2769712808143,-1.6
-88.7869591992826,33.2769427946999,-1
-88.7869602715711,33.2769148196992,-1.6
-88.7869613314929,33.2768882366877,-1.6
-88.7869624094495,33.2768594246249,-1.6
-88.7869634745241,33.2768306884604,-1.6
-88.7869645504195,33.2768018283377,-1.7
-88.7869656124025,33.276775765624,-1.7
-88.7869666888132,33.2767497423232,-1.3
-88.7869706219709,33.2767208413175,-1.7
-88.7869782938489,33.2766920246739,-1.6
-88.7869878727906,33.2766659843512,-1.6
-88.7869984618425,33.2766399477742,-1.7
-88.7870094123123,33.2766135186196,-1.6
-88.7870223826829,33.2765871296638,-1.6
-88.7870335232341,33.2765582961572,-1.7
-88.7870444453647,33.2765322225959,-1.7
-88.7870530079928,33.2765062175307,-1.7
-88.7870592149353,33.2764801682907,-1.7
-88.7870640819017,33.2764541426032,-1.7
-88.7870671370149,33.2764279715434,-1.7
-88.7870689096455,33.2763991521218,-1.8
-88.7870706619108,33.2763705883119,-1.9
-88.7870724167218,33.2763422630644,-2
-88.7870741605015,33.2763113741334,-1.8
-88.7870740853427,33.2762800321548,-1.7
-88.7870720430861,33.2762496989186,-1.8
-88.7870700213694,33.2762201093363,-1.7
-88.7870680182365,33.2761920438295,-1.7
-88.7870659491526,33.2761608383164,-1.8
-88.787063328233,33.2761307131507,-1.8
-88.7870605924374,33.2760966742421,-1.8
-88.7870580202152,33.2760686252367,-1.8
-88.7870560469051,33.2760373504114,-1.7
-88.7870544261175,33.2760081775696,-1.8
-88.7870528091981,33.2759769857581,-1.8
-88.787051198468,33.275945764322,-1.8
-88.7870496032107,33.2759148448748,-1.9
-88.7870478189628,33.2758833589833,-1.8
-88.7870440500693,33.2758505319061,-1.8
-88.7870403440805,33.2758209979265,-1.8
-88.7870404367693,33.275792131786,-1.7
-88.787042342267,33.2757632550147,-1.8
-88.78704421395,33.2757355406336,-1.8
-88.7870461157921,33.2757091174065,-1.8
-88.7870480222036,33.2756830050709,-1.8
-88.7870523877891,33.2756562346018,-1.8
-88.7870568630751,33.2756302135013,-1.8
-88.7870651606546,33.2756069311385,-1.8
-88.78707534784,33.2755805478708,-1.9
-88.7870859362998,33.2755541133941,-1.9
-88.7870974042844,33.2755284822798,-1.8
-88.7871091327357,33.2755021438221,-1.8
-88.7871207416731,33.2754766950545,-1.8
-88.7871343570593,33.2754525815053,-1.8
-88.7871477005537,33.2754264395857,-1.8
-88.7871619674761,33.2753997514728,-1.8
-88.7871784159646,33.2753763919131,-1.8
-88.7871961384946,33.2753518179505,-1.8
-88.7872115223022,33.2753270308968,-1.7
-88.7872269795583,33.2753029663533,-1.7
-88.7872424553858,33.2752769938718,-1.9
-88.7872580104273,33.2752515752983,-1.9
-88.7872735088831,33.2752276220936,-1.9
-88.7872890365177,33.2752040626654,-1.8
-88.7873045423059,33.2751781808626,-1.8
-88.7873197919348,33.2751542097281,-1.8
-88.7873355704829,33.2751288266165,-1.7
-88.7873531090303,33.2751006639037,-1.8
-88.7873674199194,33.2750724954049,-1.7
-88.7873828364641,33.2750467216561,-1.8
-88.7873984500779,33.2750224597976,-1.9
-88.7874138557714,33.2749970949214,-1.8
-88.7874288553942,33.2749676920094,-1.8
-88.7874433640743,33.274942206656,-1.8
-88.7874589098167,33.2749134686164,-1.8
-88.7874745650495,33.274887356476,-1.9
-88.7874899981812,33.2748585479274,-1.9
-88.7875044292839,33.2748309091298,-1.9
-88.7875182333584,33.2748036387416,-1.8
-88.7875324685773,33.2747754516871,-1.8
-88.7875458016636,33.2747460210899,-2
-88.787559088882,33.2747186098309,-1.8
-88.7875724453241,33.2746917119251,-1.8
-88.7875856443926,33.274663691994,-1.9
-88.7875994112351,33.2746348346302,-1.9
-88.7876136831942,33.2746060327009,-1.9
-88.7876256112521,33.2745772977775,-1.9
-88.7876381833797,33.2745512279309,-1.9
-88.7876534539252,33.2745223986497,-1.9
-88.7876703271574,33.2744962995868,-1.8
-88.7876890651113,33.2744678699754,-1.9
-88.7877077696585,33.2744420838764,-1.9
-88.7877252051405,33.2744180891181,-1.9
-88.7877405086584,33.2743921843378,-1.9
-88.7877526983864,33.2743639136346,-1.9
-88.7877626187342,33.2743372199808,-1.8
-88.7877694879025,33.2743090336077,-1.9
-88.7877757276479,33.2742781921753,-1.9
-88.7877803942721,33.2742493925426,-1.8
-88.787785166708,33.2742208019583,-2
-88.7877906049147,33.2741924628087,-1.9
-88.7877957175078,33.2741635445709,-1.9
-88.7878003140348,33.2741358035435,-2
-88.7878046003928,33.2741066726961,-2
-88.7878084905518,33.2740766236983,-2
-88.787812292064,33.2740470096553,-2
-88.7878155822569,33.2740160947424,-1.9
-88.7878188294927,33.2739862062184,-2.1
-88.7878217332792,33.2739571050296,-1.9
-88.7878242114568,33.2739262708177,-2
-88.7878266836887,33.2738955164549,-1.9
-88.7878291487857,33.2738659233325,-2.2
-88.7878277790448,33.2738350856781,-2.1
-88.787825457522,33.2738041430823,-2.1
-88.7878231471496,33.2737726322776,-2.2
-88.7878208300869,33.2737444931293,-2.2
-88.7878177736783,33.2737133009011,-2.2
-88.787814666091,33.273684405678,-2.2
-88.7878115252009,33.273654076283,-2.1
-88.7878065517275,33.2736227551171,-2.2
-88.7878015597806,33.2735908820079,-2.2
-88.7877963798084,33.2735627818425,-2.2
-88.7877919525733,33.2735322862489,-2.1
-88.7877882843448,33.2735033170284,-2.1
-88.7877846092853,33.2734722994886,-2.1
-88.787780677086,33.2734412559839,-2.1
-88.7877767711139,33.2734097601666,-2.1
-88.7877715119746,33.2733787944995,-2.2
-88.7877653774436,33.2733500724843,-2.2
-88.7877581407154,33.2733192024305,-2.2
-88.7877504817257,33.2732904027778,-2.2
-88.7877420915066,33.2732595236886,-2.2
-88.7877330627115,33.2732308150363,-2.2
-88.7877238001754,33.2732050865693,-2.1
-88.7877136733633,33.2731765205426,-2.1
-88.7877006730719,33.273150517491,-2.1
-88.7876873615239,33.2731216334913,-2.1
-88.7876746510794,33.2730957215417,-2.2
-88.7876629918676,33.273067134132,-2.1
-88.7876515077243,33.2730413784303,-2.2
-88.7876381035449,33.2730126047154,-1.9
-88.7876257486614,33.2729836860088,-2
-88.7876140372608,33.272957693685,-2
-88.7875996764311,33.2729275106267,-2
-88.7875863864018,33.2728986816109,-2.2
-88.7875739636772,33.2728705787716,-2
-88.7875622897238,33.2728417155916,-2.2
-88.7875505711024,33.2728157046794,-2.2
-88.787539070599,33.2727868658203,-2.2
-88.787527614804,33.272758743876,-2.2
-88.7875158922863,33.2727300060643,-2.2
-88.7875041062294,33.2727011373538,-2.1
-88.7874919255141,33.2726761771802,-2.1
-88.7874796032531,33.2726469126863,-2.2
-88.7874678313874,33.272618133672,-2.3
-88.7874541989971,33.2725917301422,-2.3
-88.7874422379316,33.2725630373889,-2.2
-88.787429701253,33.2725344716339,-2.3
-88.7874171304368,33.2725071054266,-2.2
-88.7874031155628,33.272480273912,-2.2
-88.7873894672786,33.2724521260694,-2.2
-88.7873772565872,33.2724232889775,-2.2
-88.7873639461768,33.2723959775051,-2.1
-88.7873490191002,33.2723691221487,-2.2
-88.7873334389712,33.2723402836841,-2.1
-88.7873193406909,33.2723121911059,-2.1
-88.78730603102,33.272283420608,-2.2
-88.7872927547491,33.2722546090704,-2.1
-88.7872806259069,33.2722292208982,-2.2
-88.7872673200533,33.2722001010225,-2.2
-88.7872540560505,33.2721713592628,-2.1
-88.7872417479837,33.2721427474145,-2.3
-88.787228538254,33.2721148033601,-2.2
-88.7872155569311,33.2720885332903,-2.2
-88.7872023224346,33.2720597431969,-2.2
-88.7871892865411,33.2720310932054,-2.2
-88.7871776279959,33.2720028441138,-2.3
-88.7871658485504,33.2719767388997,-2.3
-88.78715317557,33.2719479331134,-2.3
-88.787142001366,33.271919142085,-2.5
-88.7871286571367,33.2718927055423,-2.3
-88.787116909507,33.2718642212846,-2.3
-88.7871046009901,33.2718377516238,-2.3
-88.7870915891726,33.2718077303854,-2.3
-88.7870789248035,33.2717819376074,-2.2
-88.7870660865043,33.2717530940243,-2.2
-88.7870514969025,33.2717266886928,-2.2
-88.7870385163057,33.2716961700656,-2.2
-88.7870258796179,33.271668301779,-2.2
-88.7870118485896,33.2716412763261,-2.2
-88.7869985093047,33.2716124426809,-2.2
-88.7869852413107,33.2715843538708,-2.2
-88.7869724256996,33.2715556145219,-2.2
-88.7869597291348,33.2715267441734,-2.2
-88.7869465173027,33.271500692953,-2.2
-88.7869331475141,33.2714719133421,-2.2
-88.7869209196397,33.2714432694056,-2.2
-88.7869078634901,33.2714176661399,-2.2
-88.7868946042775,33.2713911576421,-2.2
-88.7868841430449,33.2713612137772,-2.2
-88.7868731071683,33.2713319529167,-2.2
-88.7868633707391,33.2713030955947,-2.2
-88.786855351142,33.2712749721124,-2.2
-88.7868486875542,33.271243372082,-2.2
-88.7868432574966,33.2712152641628,-2.2
-88.7868361441606,33.2711837628576,-2.2
-88.7868286330209,33.2711549145076,-2.2
-88.7868216310829,33.2711240537799,-2.2
-88.7868149212722,33.2710952241631,-2.2
-88.7868065183902,33.2710647424191,-2.2
-88.7867973562958,33.2710367558742,-2.2
-88.7867870707775,33.2710074480591,-2.2
-88.7867767975397,33.2709785726969,-2.2
-88.7867651798491,33.2709504973721,-2.2
-88.786753555156,33.2709217284773,-2.2
-88.7867414502305,33.2708929118139,-2.2
-88.7867269130763,33.2708621485615,-2.1
-88.7867113614941,33.2708365902062,-2.2
-88.7866923185343,33.2708071244247,-2.1
-88.7866721480353,33.2707810521142,-2.1
-88.7866563152254,33.2707521798495,-2.2
-88.7866368619808,33.2707257568813,-2.2
-88.7866117811471,33.2707008296869,-2.1
-88.7865868062844,33.2706775201718,-2.2
-88.7865603388637,33.2706513966921,-2.1
-88.7865335529527,33.2706305733801,-2.1
-88.7865075051298,33.2706100767857,-2.1
-88.7864780636203,33.2705923589687,-2.1
-88.7864486736753,33.2705727438853,-2.1
-88.7864209873568,33.2705559561185,-2.1
-88.7863905274936,33.2705400889976,-2.1
-88.7863613183824,33.2705267927043,-2.1
-88.786338479762,33.2705210913578,-2.1
-88.7863078241772,33.2705240432075,-2.1
-88.7862739882455,33.2705269653264,-2.1
-88.7862453971317,33.2705346526875,-2.1
-88.7862206884663,33.2705480787984,-2.2
-88.7862019821417,33.2705671284727,-2.2
-88.7861827955359,33.27058665324,-2.2
-88.7861685309949,33.2706098761089,-2.2
-88.7861576702474,33.2706349943425,-2.2
-88.7861491496759,33.2706609762725,-2.2
-88.7861406884493,33.2706870362724,-2.3
-88.7861340113952,33.2707155195972,-2.2
-88.7861281866745,33.2707418478049,-2.2
-88.7861227887883,33.2707701113926,-2.2
-88.7861187526974,33.2707988779536,-2.2
-88.7861146911483,33.2708274092364,-2.2
-88.7861118677258,33.2708554158396,-2.2
-88.7861092859327,33.2708848364209,-2.2
-88.7861067402052,33.27091209063,-2.2
-88.7861044204725,33.2709436038555,-2.2
-88.7861026998471,33.2709717164991,-2.3
-88.786100960864,33.271000543968,-2.3
-88.7860992235497,33.271030653853,-2.3
-88.7860974920766,33.2710602564056,-2.3
-88.7860955005139,33.2710891003716,-2.3
-88.7860914488727,33.2711178509819,-2.3
-88.7860873855046,33.271146016708,-2.3
-88.7860843638955,33.2711748205838,-2.3
-88.7860815090382,33.2712028816917,-2.3
-88.7860785940345,33.2712317906623,-2.3
-88.7860764665087,33.2712609110469,-2.3
-88.7860745748153,33.2712893497647,-2.3
-88.7860726748892,33.2713202475608,-2.3
-88.7860707795368,33.2713490828135,-2.3
-88.7860702411523,33.2713744070766,-2.3
-88.7860835882658,33.271403252488,-2.2
-88.7860939881567,33.2714292991798,-2.2
-88.7861070950239,33.2714553339702,-2.2
-88.7861203723167,33.2714787114435,-2.2
-88.7861347774146,33.2715047947856,-2.2
-88.7861494261542,33.2715308158791,-2.2
-88.7861633114793,33.2715596548427,-2.2
-88.786178395303,33.2715856790014,-2.2
-88.7861941809247,33.2716115800491,-2.2
-88.786209868423,33.2716399369261,-2.2
-88.7862255563241,33.2716660290331,-2.1
-88.7862407242557,33.271692206032,-2.2
-88.786255065883,33.2717186599127,-2.2
-88.7862687628997,33.2717423045376,-2.2
-88.7862812019865,33.271768240097,-2.3
-88.7862924598431,33.2717956383383,-2.3
-88.7863040620901,33.2718216581361,-2.3
-88.7863150225378,33.2718505452219,-2.3
-88.7863250008303,33.2718766040603,-2.2
-88.7863356806526,33.2719053940466,-2.1
-88.7863474625613,33.2719314637949,-2.3
-88.7863579950734,33.2719595925769,-2.2
-88.786369354836,33.2719884416692,-2.1
-88.7863810959715,33.2720144681356,-2.2
-88.7863939617576,33.2720408380218,-2.2
-88.7864056448313,33.2720693809544,-2.2
-88.7864171488252,33.2720953818282,-2.3
-88.7864298737218,33.2721234759432,-2.2
-88.7864416244093,33.2721496206053,-2.1
-88.7864541619307,33.2721759891456,-2.2
-88.786467727866,33.2722023684837,-2.2
-88.7864808296953,33.2722285581569,-2.1
-88.7864939861778,33.272257237555,-2.1
-88.786506315259,33.2722831406077,-2.1
-88.7865198929227,33.2723087556108,-2.1
-88.7865342970814,33.2723354742204,-2.2
-88.7865472205353,33.2723637744042,-2.1
-88.786559460477,33.272389699384,-2.3
-88.7865741536597,33.2724158583609,-2.2
-88.7865883882951,33.2724418351919,-2.2
-88.7866036209115,33.2724701692281,-2.2
-88.7866177841149,33.2724966066066,-2.1
-88.7866332688536,33.2725220905667,-2.1
-88.786647973182,33.2725481038174,-2.2
-88.7866625876541,33.2725742590261,-2.2
-88.7866765013326,33.2726023718992,-2.1
-88.786690401473,33.272628368195,-2.1
-88.7867049164835,33.2726545186884,-2.3
-88.786719425094,33.2726830005171,-2.3
-88.7867326391295,33.2727086831391,-2.2
-88.7867452787498,33.2727348247623,-2.3
-88.7867578248478,33.2727635694297,-2.2
-88.7867688460724,33.2727924449222,-2.2
-88.7867790930528,33.2728205091261,-2.2
-88.7867876197264,33.2728493359627,-2.3
-88.7867968738182,33.272877135914,-2.3
-88.7868071058966,33.2729063054574,-2.2
-88.7868163329267,33.2729350563922,-2.2
-88.7868255865352,33.2729665947547,-2.2
-88.7868339752694,33.272995422493,-2.2
-88.7868417351118,33.273024120893,-2.2
-88.7868502683587,33.2730523954118,-2.1
-88.7868574131657,33.2730806580408,-2
-88.7868645219292,33.2731092639157,-2.2
-88.7868709898435,33.2731403566609,-2.1
-88.7868764208111,33.2731689747981,-2
-88.7868818684088,33.2731999341828,-2.2
-88.7868871375835,33.2732286908633,-2
-88.7868914086658,33.2732574803078,-2.3
-88.786895713887,33.2732883627011,-2
-88.7869011584072,33.2733168686085,-2
-88.786906422783,33.273346786749,-2
-88.7869114196456,33.2733746460604,-2
-88.786918041521,33.2734055673158,-2
-88.7869250195253,33.2734338514422,-2
-88.7869311802683,33.2734621803857,-2
-88.7869383952305,33.273490271238,-1.9
-88.7869463895975,33.2735174222898,-2
-88.7869547800632,33.2735455451032,-2
-88.7869626059036,33.2735741354939,-2
-88.7869697143884,33.2736028608352,-2
-88.7869767761315,33.2736284792544,-2.1
-88.7869834408928,33.2736573866859,-2.2
-88.7869900878442,33.2736861716929,-2.2
-88.7869969893894,33.273715006162,-2.2
-88.7870038061891,33.2737432053122,-2.3
-88.787008212282,33.273771884386,-2.3
-88.787011553509,33.2738005255947,-2.3
-88.787005734817,33.2738288830745,-2.2
-88.7870013796628,33.2738576861057,-2.2
-88.7869981358742,33.2738864716259,-2.2
-88.7869949230821,33.2739152700829,-2.2
-88.7869896782268,33.2739434346791,-2.3
-88.7869839762331,33.2739728897678,-2.2
-88.7869788710088,33.2740011604141,-2.2
-88.7869736887865,33.2740291854308,-2
-88.7869685218664,33.2740580096375,-2.1
-88.7869640927825,33.2740865592124,-2.2
-88.7869598833633,33.2741149071369,-2
-88.7869555286449,33.2741436969791,-2
-88.7869510865307,33.2741725530379,-2
-88.7869455949679,33.2742034104763,-2.1
-88.7869396588269,33.2742294651799,-2
-88.7869335439578,33.2742589519836,-2
-88.7869276207566,33.2742872197609,-2
-88.7869218704922,33.2743159204073,-2
-88.7869157212135,33.2743467720528,-2
-88.7869100873469,33.2743735010971,-1.9
-88.7869045394596,33.2744030179539,-2
-88.7868994263289,33.2744317695949,-1.9
-88.7868943479659,33.2744599490069,-1.9
-88.7868894096905,33.274488732705,-2.2
-88.7868842338515,33.2745196525762,-2
-88.7868787631044,33.2745491044287,-1.9
-88.7868732737047,33.2745773031394,-2
-88.7868677413056,33.2746081524978,-2
-88.786862553739,33.2746373670062,-1.9
-88.7868571483134,33.2746656923996,-1.9
-88.7868514539346,33.2746939510327,-1.9
-88.7868463882659,33.2747226442617,-1.9
-88.7868414137396,33.2747515024427,-2
-88.786837434313,33.274781554733,-2
-88.7868333870112,33.2748112393171,-2
-88.7868279007845,33.2748400251803,-1.9
-88.7868218011636,33.2748689419934,-1.9
-88.7868145681242,33.2748992171749,-1.9
-88.7868043464713,33.2749278526103,-1.9
-88.7867949513121,33.2749565962059,-1.9
-88.7867845363048,33.2749841935764,-1.8
-88.7867749494675,33.2750139094166,-1.9
-88.7867665002405,33.2750402992721,-1.9
-88.7867576947014,33.2750711609378,-1.9
-88.7867483838356,33.2751000104469,-1.8
-88.7867392396981,33.2751288048889,-1.9
-88.7867301168069,33.2751572557074,-1.9
-88.7867209404073,33.2751805923469,-1.9
-88.7867112881549,33.2752096674698,-1.9
-88.7867008778486,33.2752386244989,-1.8
-88.7866906925822,33.2752645870356,-1.9
-88.7866804025981,33.2752930555653,-1.9
-88.7866689202022,33.2753208339075,-1.8
-88.7866583218578,33.2753476497085,-1.9
-88.786647289775,33.2753760702993,-1.9
-88.7866368558433,33.2754024864295,-1.9
-88.7866264754212,33.2754312077633,-1.9
-88.7866149844465,33.2754598648707,-1.9
-88.7866033592978,33.2754882077737,-1.9
-88.7865925383803,33.2755170655902,-1.9
-88.7865810153428,33.2755458517604,-1.9
-88.7865691705967,33.2755719374016,-2
-88.786556633459,33.2756002590397,-1.8
-88.7865448146616,33.2756295108858,-1.8
-88.7865341647655,33.2756555714225,-1.8
-88.7865224558886,33.2756833031978,-1.8
-88.7865110367951,33.2757125853545,-1.9
-88.7864992602892,33.2757409631514,-1.8
-88.7864876773615,33.2757673958183,-1.8
-88.786476582832,33.2757963102907,-1.9
-88.7864669569617,33.2758250361964,-1.8
-88.7864577221938,33.2758537248612,-1.9
-88.7864483009909,33.2758820127506,-1.8
-88.786439565978,33.2759108282722,-1.8
-88.7864312054321,33.2759396266543,-1.8
-88.7864233990311,33.2759651215585,-1.8
-88.7864149478825,33.2759940904952,-1.8
-88.7864065278722,33.2760227498959,-1.8
-88.786398115108,33.2760514012937,-1.8
-88.7863898543491,33.27608010402,-1.8
-88.7863819883983,33.2761085495249,-1.8
-88.7863734910093,33.2761344016809,-1.8
-88.7863648596283,33.2761632665455,-1.8
-88.7863544927969,33.2761920038042,-1.7
-88.7863436443059,33.2762181168234,-1.8
-88.7863322092661,33.2762457763011,-1.8
-88.7863195250204,33.2762725255138,-1.8
-88.7863078111033,33.2762983421442,-1.8
-88.7862953738255,33.2763271675093,-1.8
-88.7862836157661,33.2763532205019,-1.8
-88.7862716190896,33.2763795235243,-1.8
-88.7862607361859,33.2764080411107,-1.8
-88.7862495644304,33.2764341929107,-1.8
-88.78623682414,33.2764608567743,-1.8
-88.7862253966089,33.2764883618035,-1.8
-88.786212411018,33.2765150775235,-1.7
-88.786200162593,33.2765433152241,-1.8
-88.7861871875703,33.2765720387693,-1.8
-88.7861754058745,33.276598091452,-1.7
-88.7861650289016,33.2766248568888,-1.8
-88.7861545676892,33.2766479887653,-1.8
-88.7861451307296,33.2766680179762,-1.8
-88.7861358333932,33.2766892452482,-1.8
-88.7861245097116,33.2767046600812,-1.8
-88.7861108925981,33.276721611362,-1.8
-88.7860954621774,33.2767371793313,-1.8
-88.7860764858658,33.2767502351045,-1.7
-88.7860594699209,33.2767625937342,-1.8
-88.7860405517361,33.2767708158488,-1.8
-88.7860220885887,33.2767777109055,-1.8
-88.7860034416383,33.276784000677,-1.7
-88.7859828643771,33.2767889849883,-1.8
-88.7859641905115,33.2767942954829,-1.8
-88.7859452857945,33.2768001729045,-1.8
-88.7859268286034,33.2768065224945,-1.8
-88.7859022903688,33.2768118407792,-1.8
-88.78587783348,33.2768184008579,-1.8
-88.7858546967869,33.2768264712378,-1.8
-88.7858272567071,33.2768358754955,-1.7
-88.7858014168972,33.276847641317,-1.7
-88.7857789743285,33.2768624671258,-1.8
-88.7857585569266,33.2768808903489,-1.8
-88.7857408666293,33.2769005462716,-1.7
-88.785723220765,33.276920135328,-1.7
-88.7857054259804,33.2769412349529,-1.8
-88.7856913901898,33.2769624623622,-1.7
-88.785678596504,33.2769863705496,-1.7
-88.7856669614188,33.2770101616097,-1.7
-88.7856570579092,33.2770336695127,-1.8
-88.7856504798075,33.2770571462708,-1.7
-88.7856446895842,33.2770811002578,-1.7
-88.7856395246628,33.2771012539683,-1.7
-88.7856320476403,33.2771228547156,-1.8
-88.7856188094515,33.2771481891388,-1.8
-88.7856033427583,33.2771701557013,-1.7
-88.7855875856478,33.2771918229792,-1.7
-88.785572078692,33.277213399467,-1.7
-88.7855580201362,33.2772344543292,-1.7
-88.7855467304522,33.2772561326669,-1.7
-88.7855390106255,33.2772764907183,-1.7
-88.7855304906882,33.2772990199645,-1.7
-88.7855318374099,33.2773265802729,-1.7
-88.7855337478828,33.2773526914221,-1.7
-88.7855356510182,33.2773759406443,-1.7
-88.7855375651597,33.2773999008774,-1.7
-88.7855412640882,33.2774260039006,-1.7
-88.7855507817098,33.2774488891797,-1.7
-88.7855634174374,33.2774730139806,-1.7
-88.7855796511684,33.2774966471007,-1.7
-88.7855981709273,33.2775189968298,-1.7
-88.785616561526,33.2775401103934,-1.7
-88.7856388603057,33.2775615300228,-1.7
-88.7856592610761,33.2775826389778,-1.7
-88.7856771858711,33.2776062793303,-1.6
-88.785692743931,33.2776277303505,-1.4
-88.785705896119,33.2776492785072,-1.7
-88.785719382912,33.2776726993416,-1.6
-88.7857319920153,33.2776979234913,-1.7
-88.7857436657474,33.2777219761218,-1.7
-88.7857540275493,33.2777476967598,-1.7
-88.7857626343676,33.2777693086275,-1.6
-88.7857734938079,33.2777964572225,-1.7
-88.7857843372419,33.2778197602309,-1.7
-88.7857941685011,33.2778464501102,-1.6
-88.7858050117028,33.2778714156602,-1.7
-88.7858166226968,33.2778960475954,-1.6
-88.7858286047698,33.2779204853728,-1.6
-88.785839559917,33.2779459776254,-1.6
-88.7858499078753,33.2779693910221,-1.6
-88.7858582780408,33.2779958232218,-1.7
-88.7858645079275,33.2780193248162,-1.6
-88.7858694852041,33.2780456242541,-1.7
-88.7858738833284,33.2780721845073,-1.7
-88.7858778633935,33.2780975620089,-1.6
-88.7858827110698,33.2781236355474,-1.7
-88.7858890237139,33.2781504193859,-1.6
-88.7858949104824,33.2781765051152,-1.7
-88.7859003042002,33.2782025448846,-1.7
-88.7859052019924,33.2782265688022,-1.7
-88.785906819434,33.2782519704308,-1.6
-88.7859059517039,33.2782780397261,-1.6
-88.7859050873079,33.2783043864534,-1.6
-88.7859042254127,33.2783301102729,-1.6
-88.7859033610167,33.2783562632334,-0.9
-88.7859025045395,33.2783822436434,-1.7
-88.7859016388933,33.278408318008,-1.7
-88.7859007819993,33.2784343470572,-1.7
-88.7858999176034,33.2784604809315,-1.7
-88.7858990469558,33.2784865845947,-1.7
-88.7858980659883,33.2785125744657,-1.7
-88.7858965053887,33.2785390918154,-1.7
-88.7858949507742,33.2785653636494,-1.7
-88.7858934088778,33.2785887368979,-1.7
-88.7858918692259,33.2786145482737,-1.7
-88.7858903363071,33.2786401818713,-1.7
-88.7858970559409,33.2786662407225,-1.7
-88.785887800389,33.2786945672644,-1.8
-88.785885527356,33.2787204648997,-1.8
-88.7858833396026,33.2787431705857,-1.7
-88.7858810982762,33.2787690655944,-1.8
-88.785878064893,33.2787951452913,-1.8
-88.7858746607104,33.2788212007933,-1.7
-88.7858711519443,33.2788446387585,-1.7
-88.7858668714809,33.2788733697756,-1.7
-88.7858626157126,33.2788994888817,-1.7
-88.7858598419608,33.2789254633471,-1.7
-88.7858570994422,33.2789515547484,-1.7
-88.7858543648044,33.2789776845862,-1.6
-88.7858509096404,33.279003407297,-1.6
-88.7858470481207,33.2790295802465,-1.6
-88.7858417360365,33.2790558361865,-1.7
-88.7858335073146,33.2790793852772,-1.6
-88.7858253364142,33.2791051823003,-1.6
-88.7858201429596,33.2791290589612,-1.6
-88.7858156077822,33.2791541870794,-1.6
-88.7858117355307,33.279178593039,-1.7
-88.7858080702396,33.2792046148072,-1.7
-88.785805512819,33.279230272704,-1.6
-88.7858029204508,33.2792561702123,-1.6
-88.7858003542933,33.279284544348,-1.3
-88.7857988037231,33.2793109930044,-1.7
-88.7857977418554,33.279337041646,-1.7
-88.7857966876343,33.2793630971417,-1.7
-88.7857956380013,33.2793891898902,-1.7
-88.7857945873487,33.2794145635934,-1.7
-88.7857935315983,33.2794407119498,-1.7
-88.7857924610644,33.2794673833665,-1.7
-88.7857914093922,33.2794931172194,-1.7
-88.7857897404212,33.2795216019559,-1.7
-88.7857848747383,33.2795491579841,-1.7
-88.7857795045231,33.2795764078579,-1.7
-88.7857732368894,33.2796024961309,-1.7
-88.7857665928991,33.2796285726217,-1.7
-88.7857550270206,33.2796537740347,-1.7
-88.7857386645572,33.2796752017618,-1.7
-88.7857201667209,33.279694283363,-1.7
-88.7857043555282,33.2797157578731,-1.6
-88.7856877344254,33.279737301092,-1.6
-88.7856744387126,33.2797610574267,-1.6
-88.7856640007714,33.2797831328935,-1.6
-88.785654743465,33.2798078794723,-1.7
-88.7856470031674,33.2798331172005,-1.7
-88.785639301771,33.2798589559864,-1.6
-88.7856325448525,33.2798851129101,-1.7
-88.7856277814001,33.2799110954254,-1.6
-88.7856253244345,33.2799372430832,-1.7
-88.7856228591722,33.2799625505844,-1.6
-88.7856203856134,33.2799820071622,-1.7
-88.7856104811775,33.2800058082477,-1.7
-88.785591274185,33.280026688999,-1.3
-88.7855684760545,33.2800449868322,-1.6
-88.7855434557221,33.2800601043587,-1.7
-88.785516916195,33.2800645077639,-1.7
-88.785489148108,33.2800604032217,-1.7
-88.7854646160901,33.2800551406855,-1.7
-88.7854414468029,33.2800467938918,-1.7
-88.7854239554897,33.2800356464261,-1.7
-88.7854110094806,33.2800223766972,-1.7
-88.785400257866,33.2800072548941,-1.7
-88.7853905113059,33.2799933006449,-1.7
-88.7853826105722,33.2799818480691,-1.7
-88.7853754089309,33.2799703857944,-1.7
-88.785368201336,33.2799595858434,-1.7
-88.7853630092579,33.2799498252871,-1.8
-88.7853574967397,33.2799433078737,-1.7
-88.7853513420772,33.2799384038761,-1.7
-88.7853478263259,33.2799345531158,-1.7
-88.7853447961593,33.279931017439,-1.7
-88.7853417849131,33.2799277416089,-1.7
-88.785339397725,33.2799246420839,-1.7
-88.7853370743358,33.2799211939096,-1.7
-88.7853347408498,33.2799165230987,-1.7
-88.7853324062419,33.2799146076171,-1.7
-88.7853324062419,33.2799146076171,-1.7
-88.7853324062419,33.2799146076171,-1.7